gen_seed,method,alpha,threshold,attack_id,n_clean,n_wm,empirical_fpr,empirical_tpr,calibration_error,fpr_ci_lo,fpr_ci_hi,auc_none,empirical_fpr_std,empirical_tpr_std
0,M1,0.05,-46.22242456245422,blurring,500,500,0.002,0.982,0.048,0.000353127309584542,0.011240992747195207,0.999392,,
0,M1,0.05,-46.22242456245422,blurring+noise,500,500,0.0,0.92,0.05,0.0,0.007624618530903363,0.999392,,
0,M1,0.05,-46.22242456245422,cropping,500,500,0.002,0.126,0.048,0.000353127309584542,0.011240992747195207,0.999392,,
0,M1,0.05,-46.22242456245422,cropping+jpeg,500,500,0.002,0.04,0.048,0.000353127309584542,0.011240992747195207,0.999392,,
0,M1,0.05,-46.22242456245422,jpeg+cropping,500,500,0.002,0.014,0.048,0.000353127309584542,0.011240992747195207,0.999392,,
0,M1,0.05,-46.22242456245422,jpeg_q30,500,500,0.002,0.832,0.048,0.000353127309584542,0.011240992747195207,0.999392,,
0,M1,0.05,-46.22242456245422,jpeg_q50,500,500,0.004,0.9,0.046,0.0010976075412372681,0.014466014041418871,0.999392,,
0,M1,0.05,-46.22242456245422,jpeg_q70,500,500,0.0,0.978,0.05,0.0,0.007624618530903363,0.999392,,
0,M1,0.05,-46.22242456245422,jpeg_q90,500,500,0.002,0.988,0.048,0.000353127309584542,0.011240992747195207,0.999392,,
0,M1,0.05,-46.22242456245422,noise+blurring+jpeg,500,500,0.0,0.764,0.05,0.0,0.007624618530903363,0.999392,,
0,M1,0.05,-46.22242456245422,noise_s001,500,500,0.0,0.98,0.05,0.0,0.007624618530903363,0.999392,,
0,M1,0.05,-46.22242456245422,noise_s003,500,500,0.0,0.972,0.05,0.0,0.007624618530903363,0.999392,,
0,M1,0.05,-46.22242456245422,noise_s005,500,500,0.002,0.944,0.048,0.000353127309584542,0.011240992747195207,0.999392,,
0,M1,0.05,-46.22242456245422,noise_s008,500,500,0.002,0.844,0.048,0.000353127309584542,0.011240992747195207,0.999392,,
0,M1,0.05,-46.22242456245422,none,500,500,0.002,0.986,0.048,0.000353127309584542,0.011240992747195207,0.999392,,
0,M1,0.05,-46.22242456245422,rotation,500,500,0.0,0.0,0.05,0.0,0.007624618530903363,0.999392,,
0,M1,0.05,-46.22242456245422,rotation+cropping+jpeg,500,500,0.0,0.0,0.05,0.0,0.007624618530903363,0.999392,,
0,M2,0.05,-46.80410385131836,blurring,500,500,0.004,0.986,0.046,0.0010976075412372681,0.014466014041418871,0.999392,,
0,M2,0.05,-46.80410385131836,blurring+noise,500,500,0.008,0.954,0.042,0.0031152647975077885,0.020387359836901122,0.999392,,
0,M2,0.05,-46.80410385131836,cropping,500,500,0.002,0.206,0.048,0.000353127309584542,0.011240992747195207,0.999392,,
0,M2,0.05,-46.80410385131836,cropping+jpeg,500,500,0.004,0.064,0.046,0.0010976075412372681,0.014466014041418871,0.999392,,
0,M2,0.05,-46.80410385131836,jpeg+cropping,500,500,0.004,0.038,0.046,0.0010976075412372681,0.014466014041418871,0.999392,,
0,M2,0.05,-46.80410385131836,jpeg_q30,500,500,0.004,0.884,0.046,0.0010976075412372681,0.014466014041418871,0.999392,,
0,M2,0.05,-46.80410385131836,jpeg_q50,500,500,0.004,0.932,0.046,0.0010976075412372681,0.014466014041418871,0.999392,,
0,M2,0.05,-46.80410385131836,jpeg_q70,500,500,0.0,0.99,0.05,0.0,0.007624618530903363,0.999392,,
0,M2,0.05,-46.80410385131836,jpeg_q90,500,500,0.01,0.992,0.04,0.004278690781520357,0.023193435378764938,0.999392,,
0,M2,0.05,-46.80410385131836,noise+blurring+jpeg,500,500,0.0,0.82,0.05,0.0,0.007624618530903363,0.999392,,
0,M2,0.05,-46.80410385131836,noise_s001,500,500,0.002,0.986,0.048,0.000353127309584542,0.011240992747195207,0.999392,,
0,M2,0.05,-46.80410385131836,noise_s003,500,500,0.002,0.982,0.048,0.000353127309584542,0.011240992747195207,0.999392,,
0,M2,0.05,-46.80410385131836,noise_s005,500,500,0.008,0.96,0.042,0.0031152647975077885,0.020387359836901122,0.999392,,
0,M2,0.05,-46.80410385131836,noise_s008,500,500,0.006,0.894,0.044000000000000004,0.002042559297638913,0.017490563810893606,0.999392,,
0,M2,0.05,-46.80410385131836,none,500,500,0.008,0.992,0.042,0.0031152647975077885,0.020387359836901122,0.999392,,
0,M2,0.05,-46.80410385131836,rotation,500,500,0.0,0.002,0.05,0.0,0.007624618530903363,0.999392,,
0,M2,0.05,-46.80410385131836,rotation+cropping+jpeg,500,500,0.0,0.002,0.05,0.0,0.007624618530903363,0.999392,,
0,M3,0.05,-49.37412643432617,blurring,500,500,0.04,0.996,0.010000000000000002,0.026040593951356387,0.06097405509707471,0.999392,,
0,M3,0.05,-49.37412643432617,blurring+noise,500,500,0.066,0.994,0.016,0.04737823802541255,0.09123993085941157,0.999392,,
0,M3,0.05,-49.37412643432617,cropping,500,500,0.04,0.682,0.010000000000000002,0.026040593951356387,0.06097405509707471,0.999392,,
0,M3,0.05,-49.37412643432617,cropping+jpeg,500,500,0.032,0.45,0.018000000000000002,0.01979134135128301,0.05134530159364255,0.999392,,
0,M3,0.05,-49.37412643432617,jpeg+cropping,500,500,0.016,0.35,0.034,0.008129155320203278,0.03125147541771118,0.999392,,
0,M3,0.05,-49.37412643432617,jpeg_q30,500,500,0.028,0.994,0.022000000000000002,0.01675081930862122,0.04644682058455155,0.999392,,
0,M3,0.05,-49.37412643432617,jpeg_q50,500,500,0.022,0.996,0.028000000000000004,0.01232788016714588,0.03896125514839773,0.999392,,
0,M3,0.05,-49.37412643432617,jpeg_q70,500,500,0.026,0.996,0.024000000000000004,0.0152562373229252,0.04397190104437119,0.999392,,
0,M3,0.05,-49.37412643432617,jpeg_q90,500,500,0.034,0.998,0.016,0.02133433944461342,0.053771805026188516,0.999392,,
0,M3,0.05,-49.37412643432617,noise+blurring+jpeg,500,500,0.016,0.966,0.034,0.008129155320203278,0.03125147541771118,0.999392,,
0,M3,0.05,-49.37412643432617,noise_s001,500,500,0.042,0.998,0.008,0.027632099334746148,0.06335205123956134,0.999392,,
0,M3,0.05,-49.37412643432617,noise_s003,500,500,0.06,0.998,0.009999999999999995,0.042348086000950205,0.08436157830624476,0.999392,,
0,M3,0.05,-49.37412643432617,noise_s005,500,500,0.064,0.996,0.013999999999999999,0.045695733565557124,0.08895293379339062,0.999392,,
0,M3,0.05,-49.37412643432617,noise_s008,500,500,0.068,0.99,0.018000000000000002,0.04906621332682857,0.09352145708387197,0.999392,,
0,M3,0.05,-49.37412643432617,none,500,500,0.038,0.996,0.012000000000000004,0.024459922123289107,0.0585852253992656,0.999392,,
0,M3,0.05,-49.37412643432617,rotation,500,500,0.002,0.044,0.048,0.000353127309584542,0.011240992747195207,0.999392,,
0,M3,0.05,-49.37412643432617,rotation+cropping+jpeg,500,500,0.012,0.038,0.038000000000000006,0.0055109199671753584,0.025930707718986326,0.999392,,
0,M1,0.1,-46.22242456245422,blurring,500,500,0.002,0.982,0.098,0.000353127309584542,0.011240992747195207,0.999392,,
0,M1,0.1,-46.22242456245422,blurring+noise,500,500,0.0,0.92,0.1,0.0,0.007624618530903363,0.999392,,
0,M1,0.1,-46.22242456245422,cropping,500,500,0.002,0.126,0.098,0.000353127309584542,0.011240992747195207,0.999392,,
0,M1,0.1,-46.22242456245422,cropping+jpeg,500,500,0.002,0.04,0.098,0.000353127309584542,0.011240992747195207,0.999392,,
0,M1,0.1,-46.22242456245422,jpeg+cropping,500,500,0.002,0.014,0.098,0.000353127309584542,0.011240992747195207,0.999392,,
0,M1,0.1,-46.22242456245422,jpeg_q30,500,500,0.002,0.832,0.098,0.000353127309584542,0.011240992747195207,0.999392,,
0,M1,0.1,-46.22242456245422,jpeg_q50,500,500,0.004,0.9,0.096,0.0010976075412372681,0.014466014041418871,0.999392,,
0,M1,0.1,-46.22242456245422,jpeg_q70,500,500,0.0,0.978,0.1,0.0,0.007624618530903363,0.999392,,
0,M1,0.1,-46.22242456245422,jpeg_q90,500,500,0.002,0.988,0.098,0.000353127309584542,0.011240992747195207,0.999392,,
0,M1,0.1,-46.22242456245422,noise+blurring+jpeg,500,500,0.0,0.764,0.1,0.0,0.007624618530903363,0.999392,,
0,M1,0.1,-46.22242456245422,noise_s001,500,500,0.0,0.98,0.1,0.0,0.007624618530903363,0.999392,,
0,M1,0.1,-46.22242456245422,noise_s003,500,500,0.0,0.972,0.1,0.0,0.007624618530903363,0.999392,,
0,M1,0.1,-46.22242456245422,noise_s005,500,500,0.002,0.944,0.098,0.000353127309584542,0.011240992747195207,0.999392,,
0,M1,0.1,-46.22242456245422,noise_s008,500,500,0.002,0.844,0.098,0.000353127309584542,0.011240992747195207,0.999392,,
0,M1,0.1,-46.22242456245422,none,500,500,0.002,0.986,0.098,0.000353127309584542,0.011240992747195207,0.999392,,
0,M1,0.1,-46.22242456245422,rotation,500,500,0.0,0.0,0.1,0.0,0.007624618530903363,0.999392,,
0,M1,0.1,-46.22242456245422,rotation+cropping+jpeg,500,500,0.0,0.0,0.1,0.0,0.007624618530903363,0.999392,,
0,M2,0.1,-46.80410385131836,blurring,500,500,0.004,0.986,0.096,0.0010976075412372681,0.014466014041418871,0.999392,,
0,M2,0.1,-46.80410385131836,blurring+noise,500,500,0.008,0.954,0.092,0.0031152647975077885,0.020387359836901122,0.999392,,
0,M2,0.1,-46.80410385131836,cropping,500,500,0.002,0.206,0.098,0.000353127309584542,0.011240992747195207,0.999392,,
0,M2,0.1,-46.80410385131836,cropping+jpeg,500,500,0.004,0.064,0.096,0.0010976075412372681,0.014466014041418871,0.999392,,
0,M2,0.1,-46.80410385131836,jpeg+cropping,500,500,0.004,0.038,0.096,0.0010976075412372681,0.014466014041418871,0.999392,,
0,M2,0.1,-46.80410385131836,jpeg_q30,500,500,0.004,0.884,0.096,0.0010976075412372681,0.014466014041418871,0.999392,,
0,M2,0.1,-46.80410385131836,jpeg_q50,500,500,0.004,0.932,0.096,0.0010976075412372681,0.014466014041418871,0.999392,,
0,M2,0.1,-46.80410385131836,jpeg_q70,500,500,0.0,0.99,0.1,0.0,0.007624618530903363,0.999392,,
0,M2,0.1,-46.80410385131836,jpeg_q90,500,500,0.01,0.992,0.09000000000000001,0.004278690781520357,0.023193435378764938,0.999392,,
0,M2,0.1,-46.80410385131836,noise+blurring+jpeg,500,500,0.0,0.82,0.1,0.0,0.007624618530903363,0.999392,,
0,M2,0.1,-46.80410385131836,noise_s001,500,500,0.002,0.986,0.098,0.000353127309584542,0.011240992747195207,0.999392,,
0,M2,0.1,-46.80410385131836,noise_s003,500,500,0.002,0.982,0.098,0.000353127309584542,0.011240992747195207,0.999392,,
0,M2,0.1,-46.80410385131836,noise_s005,500,500,0.008,0.96,0.092,0.0031152647975077885,0.020387359836901122,0.999392,,
0,M2,0.1,-46.80410385131836,noise_s008,500,500,0.006,0.894,0.094,0.002042559297638913,0.017490563810893606,0.999392,,
0,M2,0.1,-46.80410385131836,none,500,500,0.008,0.992,0.092,0.0031152647975077885,0.020387359836901122,0.999392,,
0,M2,0.1,-46.80410385131836,rotation,500,500,0.0,0.002,0.1,0.0,0.007624618530903363,0.999392,,
0,M2,0.1,-46.80410385131836,rotation+cropping+jpeg,500,500,0.0,0.002,0.1,0.0,0.007624618530903363,0.999392,,
0,M3,0.1,-50.48165893554688,blurring,500,500,0.084,0.998,0.016,0.06274379952220428,0.11159988309550732,0.999392,,
0,M3,0.1,-50.48165893554688,blurring+noise,500,500,0.144,1.0,0.043999999999999984,0.11593760751948218,0.177491120874521,0.999392,,
0,M3,0.1,-50.48165893554688,cropping,500,500,0.092,0.834,0.008000000000000007,0.0696823665014548,0.12053932221976234,0.999392,,
0,M3,0.1,-50.48165893554688,cropping+jpeg,500,500,0.068,0.674,0.032,0.04906621332682857,0.09352145708387197,0.999392,,
0,M3,0.1,-50.48165893554688,jpeg+cropping,500,500,0.042,0.6,0.058,0.027632099334746148,0.06335205123956134,0.999392,,
0,M3,0.1,-50.48165893554688,jpeg_q30,500,500,0.062,1.0,0.038000000000000006,0.04401893261361028,0.08666023321946106,0.999392,,
0,M3,0.1,-50.48165893554688,jpeg_q50,500,500,0.056,1.0,0.044000000000000004,0.03902536261505807,0.07974529864038413,0.999392,,
0,M3,0.1,-50.48165893554688,jpeg_q70,500,500,0.088,0.996,0.01200000000000001,0.06620563711739778,0.11607704855206659,0.999392,,
0,M3,0.1,-50.48165893554688,jpeg_q90,500,500,0.102,0.998,0.001999999999999988,0.07843397139617729,0.1316352249544218,0.999392,,
0,M3,0.1,-50.48165893554688,noise+blurring+jpeg,500,500,0.05,0.99,0.05,0.03409350665098192,0.07276865002683111,0.999392,,
0,M3,0.1,-50.48165893554688,noise_s001,500,500,0.098,1.0,0.0020000000000000018,0.07492354740061163,0.1272066458982347,0.999392,,
0,M3,0.1,-50.48165893554688,noise_s003,500,500,0.136,1.0,0.036000000000000004,0.10871499179718816,0.1688357304933095,0.999392,,
0,M3,0.1,-50.48165893554688,noise_s005,500,500,0.132,1.0,0.032,0.10511627994905025,0.16449543928969462,0.999392,,
0,M3,0.1,-50.48165893554688,noise_s008,500,500,0.142,0.996,0.04199999999999998,0.1141288975465133,0.17533032932161352,0.999392,,
0,M3,0.1,-50.48165893554688,none,500,500,0.106,0.998,0.0059999999999999915,0.08195666053446124,0.1360515388678906,0.999392,,
0,M3,0.1,-50.48165893554688,rotation,500,500,0.012,0.12,0.08800000000000001,0.0055109199671753584,0.025930707718986326,0.999392,,
0,M3,0.1,-50.48165893554688,rotation+cropping+jpeg,500,500,0.03,0.102,0.07,0.018263049234083534,0.04890409218496562,0.999392,,
0,M1,0.01,-46.22242456245422,blurring,500,500,0.002,0.982,0.008,0.000353127309584542,0.011240992747195207,0.999392,,
0,M1,0.01,-46.22242456245422,blurring+noise,500,500,0.0,0.92,0.01,0.0,0.007624618530903363,0.999392,,
0,M1,0.01,-46.22242456245422,cropping,500,500,0.002,0.126,0.008,0.000353127309584542,0.011240992747195207,0.999392,,
0,M1,0.01,-46.22242456245422,cropping+jpeg,500,500,0.002,0.04,0.008,0.000353127309584542,0.011240992747195207,0.999392,,
0,M1,0.01,-46.22242456245422,jpeg+cropping,500,500,0.002,0.014,0.008,0.000353127309584542,0.011240992747195207,0.999392,,
0,M1,0.01,-46.22242456245422,jpeg_q30,500,500,0.002,0.832,0.008,0.000353127309584542,0.011240992747195207,0.999392,,
0,M1,0.01,-46.22242456245422,jpeg_q50,500,500,0.004,0.9,0.006,0.0010976075412372681,0.014466014041418871,0.999392,,
0,M1,0.01,-46.22242456245422,jpeg_q70,500,500,0.0,0.978,0.01,0.0,0.007624618530903363,0.999392,,
0,M1,0.01,-46.22242456245422,jpeg_q90,500,500,0.002,0.988,0.008,0.000353127309584542,0.011240992747195207,0.999392,,
0,M1,0.01,-46.22242456245422,noise+blurring+jpeg,500,500,0.0,0.764,0.01,0.0,0.007624618530903363,0.999392,,
0,M1,0.01,-46.22242456245422,noise_s001,500,500,0.0,0.98,0.01,0.0,0.007624618530903363,0.999392,,
0,M1,0.01,-46.22242456245422,noise_s003,500,500,0.0,0.972,0.01,0.0,0.007624618530903363,0.999392,,
0,M1,0.01,-46.22242456245422,noise_s005,500,500,0.002,0.944,0.008,0.000353127309584542,0.011240992747195207,0.999392,,
0,M1,0.01,-46.22242456245422,noise_s008,500,500,0.002,0.844,0.008,0.000353127309584542,0.011240992747195207,0.999392,,
0,M1,0.01,-46.22242456245422,none,500,500,0.002,0.986,0.008,0.000353127309584542,0.011240992747195207,0.999392,,
0,M1,0.01,-46.22242456245422,rotation,500,500,0.0,0.0,0.01,0.0,0.007624618530903363,0.999392,,
0,M1,0.01,-46.22242456245422,rotation+cropping+jpeg,500,500,0.0,0.0,0.01,0.0,0.007624618530903363,0.999392,,
0,M2,0.01,-46.80410385131836,blurring,500,500,0.004,0.986,0.006,0.0010976075412372681,0.014466014041418871,0.999392,,
0,M2,0.01,-46.80410385131836,blurring+noise,500,500,0.008,0.954,0.002,0.0031152647975077885,0.020387359836901122,0.999392,,
0,M2,0.01,-46.80410385131836,cropping,500,500,0.002,0.206,0.008,0.000353127309584542,0.011240992747195207,0.999392,,
0,M2,0.01,-46.80410385131836,cropping+jpeg,500,500,0.004,0.064,0.006,0.0010976075412372681,0.014466014041418871,0.999392,,
0,M2,0.01,-46.80410385131836,jpeg+cropping,500,500,0.004,0.038,0.006,0.0010976075412372681,0.014466014041418871,0.999392,,
0,M2,0.01,-46.80410385131836,jpeg_q30,500,500,0.004,0.884,0.006,0.0010976075412372681,0.014466014041418871,0.999392,,
0,M2,0.01,-46.80410385131836,jpeg_q50,500,500,0.004,0.932,0.006,0.0010976075412372681,0.014466014041418871,0.999392,,
0,M2,0.01,-46.80410385131836,jpeg_q70,500,500,0.0,0.99,0.01,0.0,0.007624618530903363,0.999392,,
0,M2,0.01,-46.80410385131836,jpeg_q90,500,500,0.01,0.992,0.0,0.004278690781520357,0.023193435378764938,0.999392,,
0,M2,0.01,-46.80410385131836,noise+blurring+jpeg,500,500,0.0,0.82,0.01,0.0,0.007624618530903363,0.999392,,
0,M2,0.01,-46.80410385131836,noise_s001,500,500,0.002,0.986,0.008,0.000353127309584542,0.011240992747195207,0.999392,,
0,M2,0.01,-46.80410385131836,noise_s003,500,500,0.002,0.982,0.008,0.000353127309584542,0.011240992747195207,0.999392,,
0,M2,0.01,-46.80410385131836,noise_s005,500,500,0.008,0.96,0.002,0.0031152647975077885,0.020387359836901122,0.999392,,
0,M2,0.01,-46.80410385131836,noise_s008,500,500,0.006,0.894,0.004,0.002042559297638913,0.017490563810893606,0.999392,,
0,M2,0.01,-46.80410385131836,none,500,500,0.008,0.992,0.002,0.0031152647975077885,0.020387359836901122,0.999392,,
0,M2,0.01,-46.80410385131836,rotation,500,500,0.0,0.002,0.01,0.0,0.007624618530903363,0.999392,,
0,M2,0.01,-46.80410385131836,rotation+cropping+jpeg,500,500,0.0,0.002,0.01,0.0,0.007624618530903363,0.999392,,
0,M3,0.01,-48.126686096191406,blurring,500,500,0.018,0.994,0.007999999999999998,0.009498085051756854,0.03385204721203399,0.999392,,
0,M3,0.01,-48.126686096191406,blurring+noise,500,500,0.02,0.988,0.01,0.010899065235569357,0.03642056855409787,0.999392,,
0,M3,0.01,-48.126686096191406,cropping,500,500,0.016,0.442,0.006,0.008129155320203278,0.03125147541771118,0.999392,,
0,M3,0.01,-48.126686096191406,cropping+jpeg,500,500,0.01,0.22,0.0,0.004278690781520357,0.023193435378764938,0.999392,,
0,M3,0.01,-48.126686096191406,jpeg+cropping,500,500,0.006,0.154,0.004,0.002042559297638913,0.017490563810893606,0.999392,,
0,M3,0.01,-48.126686096191406,jpeg_q30,500,500,0.014,0.958,0.004,0.006797703071787358,0.02861342614025071,0.999392,,
0,M3,0.01,-48.126686096191406,jpeg_q50,500,500,0.008,0.988,0.002,0.0031152647975077885,0.020387359836901122,0.999392,,
0,M3,0.01,-48.126686096191406,jpeg_q70,500,500,0.008,0.996,0.002,0.0031152647975077885,0.020387359836901122,0.999392,,
0,M3,0.01,-48.126686096191406,jpeg_q90,500,500,0.014,0.996,0.004,0.006797703071787358,0.02861342614025071,0.999392,,
0,M3,0.01,-48.126686096191406,noise+blurring+jpeg,500,500,0.0,0.92,0.01,0.0,0.007624618530903363,0.999392,,
0,M3,0.01,-48.126686096191406,noise_s001,500,500,0.012,0.996,0.002,0.0055109199671753584,0.025930707718986326,0.999392,,
0,M3,0.01,-48.126686096191406,noise_s003,500,500,0.022,0.998,0.011999999999999999,0.01232788016714588,0.03896125514839773,0.999392,,
0,M3,0.01,-48.126686096191406,noise_s005,500,500,0.024,0.984,0.014,0.013781177149521824,0.04147745969189818,0.999392,,
0,M3,0.01,-48.126686096191406,noise_s008,500,500,0.024,0.962,0.014,0.013781177149521824,0.04147745969189818,0.999392,,
0,M3,0.01,-48.126686096191406,none,500,500,0.012,0.996,0.002,0.0055109199671753584,0.025930707718986326,0.999392,,
0,M3,0.01,-48.126686096191406,rotation,500,500,0.0,0.01,0.01,0.0,0.007624618530903363,0.999392,,
0,M3,0.01,-48.126686096191406,rotation+cropping+jpeg,500,500,0.002,0.008,0.008,0.000353127309584542,0.011240992747195207,0.999392,,
1,M1,0.05,-46.14354853057861,blurring,500,500,0.002,0.982,0.048,0.000353127309584542,0.011240992747195207,0.999948,,
1,M1,0.05,-46.14354853057861,blurring+noise,500,500,0.0,0.938,0.05,0.0,0.007624618530903363,0.999948,,
1,M1,0.05,-46.14354853057861,cropping,500,500,0.0,0.096,0.05,0.0,0.007624618530903363,0.999948,,
1,M1,0.05,-46.14354853057861,cropping+jpeg,500,500,0.0,0.022,0.05,0.0,0.007624618530903363,0.999948,,
1,M1,0.05,-46.14354853057861,jpeg+cropping,500,500,0.0,0.01,0.05,0.0,0.007624618530903363,0.999948,,
1,M1,0.05,-46.14354853057861,jpeg_q30,500,500,0.006,0.844,0.044000000000000004,0.002042559297638913,0.017490563810893606,0.999948,,
1,M1,0.05,-46.14354853057861,jpeg_q50,500,500,0.0,0.898,0.05,0.0,0.007624618530903363,0.999948,,
1,M1,0.05,-46.14354853057861,jpeg_q70,500,500,0.0,0.976,0.05,0.0,0.007624618530903363,0.999948,,
1,M1,0.05,-46.14354853057861,jpeg_q90,500,500,0.0,0.984,0.05,0.0,0.007624618530903363,0.999948,,
1,M1,0.05,-46.14354853057861,noise+blurring+jpeg,500,500,0.0,0.766,0.05,0.0,0.007624618530903363,0.999948,,
1,M1,0.05,-46.14354853057861,noise_s001,500,500,0.0,0.982,0.05,0.0,0.007624618530903363,0.999948,,
1,M1,0.05,-46.14354853057861,noise_s003,500,500,0.0,0.974,0.05,0.0,0.007624618530903363,0.999948,,
1,M1,0.05,-46.14354853057861,noise_s005,500,500,0.0,0.942,0.05,0.0,0.007624618530903363,0.999948,,
1,M1,0.05,-46.14354853057861,noise_s008,500,500,0.0,0.824,0.05,0.0,0.007624618530903363,0.999948,,
1,M1,0.05,-46.14354853057861,none,500,500,0.0,0.984,0.05,0.0,0.007624618530903363,0.999948,,
1,M1,0.05,-46.14354853057861,rotation,500,500,0.0,0.0,0.05,0.0,0.007624618530903363,0.999948,,
1,M1,0.05,-46.14354853057861,rotation+cropping+jpeg,500,500,0.0,0.0,0.05,0.0,0.007624618530903363,0.999948,,
1,M2,0.05,-46.52769088745117,blurring,500,500,0.002,0.99,0.048,0.000353127309584542,0.011240992747195207,0.999948,,
1,M2,0.05,-46.52769088745117,blurring+noise,500,500,0.002,0.966,0.048,0.000353127309584542,0.011240992747195207,0.999948,,
1,M2,0.05,-46.52769088745117,cropping,500,500,0.0,0.148,0.05,0.0,0.007624618530903363,0.999948,,
1,M2,0.05,-46.52769088745117,cropping+jpeg,500,500,0.0,0.032,0.05,0.0,0.007624618530903363,0.999948,,
1,M2,0.05,-46.52769088745117,jpeg+cropping,500,500,0.002,0.016,0.048,0.000353127309584542,0.011240992747195207,0.999948,,
1,M2,0.05,-46.52769088745117,jpeg_q30,500,500,0.01,0.878,0.04,0.004278690781520357,0.023193435378764938,0.999948,,
1,M2,0.05,-46.52769088745117,jpeg_q50,500,500,0.0,0.924,0.05,0.0,0.007624618530903363,0.999948,,
1,M2,0.05,-46.52769088745117,jpeg_q70,500,500,0.0,0.984,0.05,0.0,0.007624618530903363,0.999948,,
1,M2,0.05,-46.52769088745117,jpeg_q90,500,500,0.002,0.986,0.048,0.000353127309584542,0.011240992747195207,0.999948,,
1,M2,0.05,-46.52769088745117,noise+blurring+jpeg,500,500,0.0,0.8,0.05,0.0,0.007624618530903363,0.999948,,
1,M2,0.05,-46.52769088745117,noise_s001,500,500,0.0,0.984,0.05,0.0,0.007624618530903363,0.999948,,
1,M2,0.05,-46.52769088745117,noise_s003,500,500,0.002,0.986,0.048,0.000353127309584542,0.011240992747195207,0.999948,,
1,M2,0.05,-46.52769088745117,noise_s005,500,500,0.0,0.966,0.05,0.0,0.007624618530903363,0.999948,,
1,M2,0.05,-46.52769088745117,noise_s008,500,500,0.0,0.86,0.05,0.0,0.007624618530903363,0.999948,,
1,M2,0.05,-46.52769088745117,none,500,500,0.0,0.988,0.05,0.0,0.007624618530903363,0.999948,,
1,M2,0.05,-46.52769088745117,rotation,500,500,0.0,0.0,0.05,0.0,0.007624618530903363,0.999948,,
1,M2,0.05,-46.52769088745117,rotation+cropping+jpeg,500,500,0.0,0.0,0.05,0.0,0.007624618530903363,0.999948,,
1,M3,0.05,-49.068580627441406,blurring,500,500,0.028,0.998,0.022000000000000002,0.01675081930862122,0.04644682058455155,0.999948,,
1,M3,0.05,-49.068580627441406,blurring+noise,500,500,0.068,1.0,0.018000000000000002,0.04906621332682857,0.09352145708387197,0.999948,,
1,M3,0.05,-49.068580627441406,cropping,500,500,0.03,0.634,0.020000000000000004,0.018263049234083534,0.04890409218496562,0.999948,,
1,M3,0.05,-49.068580627441406,cropping+jpeg,500,500,0.03,0.408,0.020000000000000004,0.018263049234083534,0.04890409218496562,0.999948,,
1,M3,0.05,-49.068580627441406,jpeg+cropping,500,500,0.014,0.292,0.036000000000000004,0.006797703071787358,0.02861342614025071,0.999948,,
1,M3,0.05,-49.068580627441406,jpeg_q30,500,500,0.032,0.986,0.018000000000000002,0.01979134135128301,0.05134530159364255,0.999948,,
1,M3,0.05,-49.068580627441406,jpeg_q50,500,500,0.014,0.994,0.036000000000000004,0.006797703071787358,0.02861342614025071,0.999948,,
1,M3,0.05,-49.068580627441406,jpeg_q70,500,500,0.026,0.998,0.024000000000000004,0.0152562373229252,0.04397190104437119,0.999948,,
1,M3,0.05,-49.068580627441406,jpeg_q90,500,500,0.04,1.0,0.010000000000000002,0.026040593951356387,0.06097405509707471,0.999948,,
1,M3,0.05,-49.068580627441406,noise+blurring+jpeg,500,500,0.01,0.948,0.04,0.004278690781520357,0.023193435378764938,0.999948,,
1,M3,0.05,-49.068580627441406,noise_s001,500,500,0.034,1.0,0.016,0.02133433944461342,0.053771805026188516,0.999948,,
1,M3,0.05,-49.068580627441406,noise_s003,500,500,0.048,1.0,0.0020000000000000018,0.03246497509125218,0.07042768006068446,0.999948,,
1,M3,0.05,-49.068580627441406,noise_s005,500,500,0.054,1.0,0.003999999999999997,0.03737409848513375,0.07742706124443205,0.999948,,
1,M3,0.05,-49.068580627441406,noise_s008,500,500,0.052,0.998,0.001999999999999995,0.03573001990962654,0.07510163829406287,0.999948,,
1,M3,0.05,-49.068580627441406,none,500,500,0.038,1.0,0.012000000000000004,0.024459922123289107,0.0585852253992656,0.999948,,
1,M3,0.05,-49.068580627441406,rotation,500,500,0.0,0.032,0.05,0.0,0.007624618530903363,0.999948,,
1,M3,0.05,-49.068580627441406,rotation+cropping+jpeg,500,500,0.01,0.018,0.04,0.004278690781520357,0.023193435378764938,0.999948,,
1,M1,0.1,-46.14354853057861,blurring,500,500,0.002,0.982,0.098,0.000353127309584542,0.011240992747195207,0.999948,,
1,M1,0.1,-46.14354853057861,blurring+noise,500,500,0.0,0.938,0.1,0.0,0.007624618530903363,0.999948,,
1,M1,0.1,-46.14354853057861,cropping,500,500,0.0,0.096,0.1,0.0,0.007624618530903363,0.999948,,
1,M1,0.1,-46.14354853057861,cropping+jpeg,500,500,0.0,0.022,0.1,0.0,0.007624618530903363,0.999948,,
1,M1,0.1,-46.14354853057861,jpeg+cropping,500,500,0.0,0.01,0.1,0.0,0.007624618530903363,0.999948,,
1,M1,0.1,-46.14354853057861,jpeg_q30,500,500,0.006,0.844,0.094,0.002042559297638913,0.017490563810893606,0.999948,,
1,M1,0.1,-46.14354853057861,jpeg_q50,500,500,0.0,0.898,0.1,0.0,0.007624618530903363,0.999948,,
1,M1,0.1,-46.14354853057861,jpeg_q70,500,500,0.0,0.976,0.1,0.0,0.007624618530903363,0.999948,,
1,M1,0.1,-46.14354853057861,jpeg_q90,500,500,0.0,0.984,0.1,0.0,0.007624618530903363,0.999948,,
1,M1,0.1,-46.14354853057861,noise+blurring+jpeg,500,500,0.0,0.766,0.1,0.0,0.007624618530903363,0.999948,,
1,M1,0.1,-46.14354853057861,noise_s001,500,500,0.0,0.982,0.1,0.0,0.007624618530903363,0.999948,,
1,M1,0.1,-46.14354853057861,noise_s003,500,500,0.0,0.974,0.1,0.0,0.007624618530903363,0.999948,,
1,M1,0.1,-46.14354853057861,noise_s005,500,500,0.0,0.942,0.1,0.0,0.007624618530903363,0.999948,,
1,M1,0.1,-46.14354853057861,noise_s008,500,500,0.0,0.824,0.1,0.0,0.007624618530903363,0.999948,,
1,M1,0.1,-46.14354853057861,none,500,500,0.0,0.984,0.1,0.0,0.007624618530903363,0.999948,,
1,M1,0.1,-46.14354853057861,rotation,500,500,0.0,0.0,0.1,0.0,0.007624618530903363,0.999948,,
1,M1,0.1,-46.14354853057861,rotation+cropping+jpeg,500,500,0.0,0.0,0.1,0.0,0.007624618530903363,0.999948,,
1,M2,0.1,-46.52769088745117,blurring,500,500,0.002,0.99,0.098,0.000353127309584542,0.011240992747195207,0.999948,,
1,M2,0.1,-46.52769088745117,blurring+noise,500,500,0.002,0.966,0.098,0.000353127309584542,0.011240992747195207,0.999948,,
1,M2,0.1,-46.52769088745117,cropping,500,500,0.0,0.148,0.1,0.0,0.007624618530903363,0.999948,,
1,M2,0.1,-46.52769088745117,cropping+jpeg,500,500,0.0,0.032,0.1,0.0,0.007624618530903363,0.999948,,
1,M2,0.1,-46.52769088745117,jpeg+cropping,500,500,0.002,0.016,0.098,0.000353127309584542,0.011240992747195207,0.999948,,
1,M2,0.1,-46.52769088745117,jpeg_q30,500,500,0.01,0.878,0.09000000000000001,0.004278690781520357,0.023193435378764938,0.999948,,
1,M2,0.1,-46.52769088745117,jpeg_q50,500,500,0.0,0.924,0.1,0.0,0.007624618530903363,0.999948,,
1,M2,0.1,-46.52769088745117,jpeg_q70,500,500,0.0,0.984,0.1,0.0,0.007624618530903363,0.999948,,
1,M2,0.1,-46.52769088745117,jpeg_q90,500,500,0.002,0.986,0.098,0.000353127309584542,0.011240992747195207,0.999948,,
1,M2,0.1,-46.52769088745117,noise+blurring+jpeg,500,500,0.0,0.8,0.1,0.0,0.007624618530903363,0.999948,,
1,M2,0.1,-46.52769088745117,noise_s001,500,500,0.0,0.984,0.1,0.0,0.007624618530903363,0.999948,,
1,M2,0.1,-46.52769088745117,noise_s003,500,500,0.002,0.986,0.098,0.000353127309584542,0.011240992747195207,0.999948,,
1,M2,0.1,-46.52769088745117,noise_s005,500,500,0.0,0.966,0.1,0.0,0.007624618530903363,0.999948,,
1,M2,0.1,-46.52769088745117,noise_s008,500,500,0.0,0.86,0.1,0.0,0.007624618530903363,0.999948,,
1,M2,0.1,-46.52769088745117,none,500,500,0.0,0.988,0.1,0.0,0.007624618530903363,0.999948,,
1,M2,0.1,-46.52769088745117,rotation,500,500,0.0,0.0,0.1,0.0,0.007624618530903363,0.999948,,
1,M2,0.1,-46.52769088745117,rotation+cropping+jpeg,500,500,0.0,0.0,0.1,0.0,0.007624618530903363,0.999948,,
1,M3,0.1,-50.30912780761719,blurring,500,500,0.076,0.998,0.024000000000000007,0.05586871073410857,0.10259696578009747,0.999948,,
1,M3,0.1,-50.30912780761719,blurring+noise,500,500,0.138,1.0,0.038000000000000006,0.11051755348949738,0.17100267032687666,0.999948,,
1,M3,0.1,-50.30912780761719,cropping,500,500,0.088,0.808,0.01200000000000001,0.06620563711739778,0.11607704855206659,0.999948,,
1,M3,0.1,-50.30912780761719,cropping+jpeg,500,500,0.066,0.65,0.034,0.04737823802541255,0.09123993085941157,0.999948,,
1,M3,0.1,-50.30912780761719,jpeg+cropping,500,500,0.05,0.552,0.05,0.03409350665098192,0.07276865002683111,0.999948,,
1,M3,0.1,-50.30912780761719,jpeg_q30,500,500,0.052,0.998,0.04800000000000001,0.03573001990962654,0.07510163829406287,0.999948,,
1,M3,0.1,-50.30912780761719,jpeg_q50,500,500,0.058,1.0,0.042,0.040683464783922846,0.08205669799739573,0.999948,,
1,M3,0.1,-50.30912780761719,jpeg_q70,500,500,0.07,1.0,0.03,0.05075944317125315,0.09579772876532376,0.999948,,
1,M3,0.1,-50.30912780761719,jpeg_q90,500,500,0.086,1.0,0.014000000000000012,0.06447280005130328,0.11384038409228468,0.999948,,
1,M3,0.1,-50.30912780761719,noise+blurring+jpeg,500,500,0.034,0.982,0.066,0.02133433944461342,0.053771805026188516,0.999948,,
1,M3,0.1,-50.30912780761719,noise_s001,500,500,0.086,1.0,0.014000000000000012,0.06447280005130328,0.11384038409228468,0.999948,,
1,M3,0.1,-50.30912780761719,noise_s003,500,500,0.118,1.0,0.017999999999999988,0.09259259259259259,0.14923261596501758,0.999948,,
1,M3,0.1,-50.30912780761719,noise_s005,500,500,0.136,1.0,0.036000000000000004,0.10871499179718816,0.1688357304933095,0.999948,,
1,M3,0.1,-50.30912780761719,noise_s008,500,500,0.128,1.0,0.027999999999999997,0.10152638796079462,0.1601463282261975,0.999948,,
1,M3,0.1,-50.30912780761719,none,500,500,0.088,1.0,0.01200000000000001,0.06620563711739778,0.11607704855206659,0.999948,,
1,M3,0.1,-50.30912780761719,rotation,500,500,0.01,0.134,0.09000000000000001,0.004278690781520357,0.023193435378764938,0.999948,,
1,M3,0.1,-50.30912780761719,rotation+cropping+jpeg,500,500,0.02,0.09,0.08,0.010899065235569357,0.03642056855409787,0.999948,,
1,M1,0.01,-46.14354853057861,blurring,500,500,0.002,0.982,0.008,0.000353127309584542,0.011240992747195207,0.999948,,
1,M1,0.01,-46.14354853057861,blurring+noise,500,500,0.0,0.938,0.01,0.0,0.007624618530903363,0.999948,,
1,M1,0.01,-46.14354853057861,cropping,500,500,0.0,0.096,0.01,0.0,0.007624618530903363,0.999948,,
1,M1,0.01,-46.14354853057861,cropping+jpeg,500,500,0.0,0.022,0.01,0.0,0.007624618530903363,0.999948,,
1,M1,0.01,-46.14354853057861,jpeg+cropping,500,500,0.0,0.01,0.01,0.0,0.007624618530903363,0.999948,,
1,M1,0.01,-46.14354853057861,jpeg_q30,500,500,0.006,0.844,0.004,0.002042559297638913,0.017490563810893606,0.999948,,
1,M1,0.01,-46.14354853057861,jpeg_q50,500,500,0.0,0.898,0.01,0.0,0.007624618530903363,0.999948,,
1,M1,0.01,-46.14354853057861,jpeg_q70,500,500,0.0,0.976,0.01,0.0,0.007624618530903363,0.999948,,
1,M1,0.01,-46.14354853057861,jpeg_q90,500,500,0.0,0.984,0.01,0.0,0.007624618530903363,0.999948,,
1,M1,0.01,-46.14354853057861,noise+blurring+jpeg,500,500,0.0,0.766,0.01,0.0,0.007624618530903363,0.999948,,
1,M1,0.01,-46.14354853057861,noise_s001,500,500,0.0,0.982,0.01,0.0,0.007624618530903363,0.999948,,
1,M1,0.01,-46.14354853057861,noise_s003,500,500,0.0,0.974,0.01,0.0,0.007624618530903363,0.999948,,
1,M1,0.01,-46.14354853057861,noise_s005,500,500,0.0,0.942,0.01,0.0,0.007624618530903363,0.999948,,
1,M1,0.01,-46.14354853057861,noise_s008,500,500,0.0,0.824,0.01,0.0,0.007624618530903363,0.999948,,
1,M1,0.01,-46.14354853057861,none,500,500,0.0,0.984,0.01,0.0,0.007624618530903363,0.999948,,
1,M1,0.01,-46.14354853057861,rotation,500,500,0.0,0.0,0.01,0.0,0.007624618530903363,0.999948,,
1,M1,0.01,-46.14354853057861,rotation+cropping+jpeg,500,500,0.0,0.0,0.01,0.0,0.007624618530903363,0.999948,,
1,M2,0.01,-46.52769088745117,blurring,500,500,0.002,0.99,0.008,0.000353127309584542,0.011240992747195207,0.999948,,
1,M2,0.01,-46.52769088745117,blurring+noise,500,500,0.002,0.966,0.008,0.000353127309584542,0.011240992747195207,0.999948,,
1,M2,0.01,-46.52769088745117,cropping,500,500,0.0,0.148,0.01,0.0,0.007624618530903363,0.999948,,
1,M2,0.01,-46.52769088745117,cropping+jpeg,500,500,0.0,0.032,0.01,0.0,0.007624618530903363,0.999948,,
1,M2,0.01,-46.52769088745117,jpeg+cropping,500,500,0.002,0.016,0.008,0.000353127309584542,0.011240992747195207,0.999948,,
1,M2,0.01,-46.52769088745117,jpeg_q30,500,500,0.01,0.878,0.0,0.004278690781520357,0.023193435378764938,0.999948,,
1,M2,0.01,-46.52769088745117,jpeg_q50,500,500,0.0,0.924,0.01,0.0,0.007624618530903363,0.999948,,
1,M2,0.01,-46.52769088745117,jpeg_q70,500,500,0.0,0.984,0.01,0.0,0.007624618530903363,0.999948,,
1,M2,0.01,-46.52769088745117,jpeg_q90,500,500,0.002,0.986,0.008,0.000353127309584542,0.011240992747195207,0.999948,,
1,M2,0.01,-46.52769088745117,noise+blurring+jpeg,500,500,0.0,0.8,0.01,0.0,0.007624618530903363,0.999948,,
1,M2,0.01,-46.52769088745117,noise_s001,500,500,0.0,0.984,0.01,0.0,0.007624618530903363,0.999948,,
1,M2,0.01,-46.52769088745117,noise_s003,500,500,0.002,0.986,0.008,0.000353127309584542,0.011240992747195207,0.999948,,
1,M2,0.01,-46.52769088745117,noise_s005,500,500,0.0,0.966,0.01,0.0,0.007624618530903363,0.999948,,
1,M2,0.01,-46.52769088745117,noise_s008,500,500,0.0,0.86,0.01,0.0,0.007624618530903363,0.999948,,
1,M2,0.01,-46.52769088745117,none,500,500,0.0,0.988,0.01,0.0,0.007624618530903363,0.999948,,
1,M2,0.01,-46.52769088745117,rotation,500,500,0.0,0.0,0.01,0.0,0.007624618530903363,0.999948,,
1,M2,0.01,-46.52769088745117,rotation+cropping+jpeg,500,500,0.0,0.0,0.01,0.0,0.007624618530903363,0.999948,,
1,M3,0.01,-47.264381408691406,blurring,500,500,0.006,0.992,0.004,0.002042559297638913,0.017490563810893606,0.999948,,
1,M3,0.01,-47.264381408691406,blurring+noise,500,500,0.008,0.982,0.002,0.0031152647975077885,0.020387359836901122,0.999948,,
1,M3,0.01,-47.264381408691406,cropping,500,500,0.004,0.3,0.006,0.0010976075412372681,0.014466014041418871,0.999948,,
1,M3,0.01,-47.264381408691406,cropping+jpeg,500,500,0.004,0.092,0.006,0.0010976075412372681,0.014466014041418871,0.999948,,
1,M3,0.01,-47.264381408691406,jpeg+cropping,500,500,0.002,0.044,0.008,0.000353127309584542,0.011240992747195207,0.999948,,
1,M3,0.01,-47.264381408691406,jpeg_q30,500,500,0.012,0.93,0.002,0.0055109199671753584,0.025930707718986326,0.999948,,
1,M3,0.01,-47.264381408691406,jpeg_q50,500,500,0.0,0.962,0.01,0.0,0.007624618530903363,0.999948,,
1,M3,0.01,-47.264381408691406,jpeg_q70,500,500,0.0,0.992,0.01,0.0,0.007624618530903363,0.999948,,
1,M3,0.01,-47.264381408691406,jpeg_q90,500,500,0.006,0.994,0.004,0.002042559297638913,0.017490563810893606,0.999948,,
1,M3,0.01,-47.264381408691406,noise+blurring+jpeg,500,500,0.0,0.862,0.01,0.0,0.007624618530903363,0.999948,,
1,M3,0.01,-47.264381408691406,noise_s001,500,500,0.004,0.996,0.006,0.0010976075412372681,0.014466014041418871,0.999948,,
1,M3,0.01,-47.264381408691406,noise_s003,500,500,0.01,0.996,0.0,0.004278690781520357,0.023193435378764938,0.999948,,
1,M3,0.01,-47.264381408691406,noise_s005,500,500,0.006,0.99,0.004,0.002042559297638913,0.017490563810893606,0.999948,,
1,M3,0.01,-47.264381408691406,noise_s008,500,500,0.002,0.93,0.008,0.000353127309584542,0.011240992747195207,0.999948,,
1,M3,0.01,-47.264381408691406,none,500,500,0.002,0.998,0.008,0.000353127309584542,0.011240992747195207,0.999948,,
1,M3,0.01,-47.264381408691406,rotation,500,500,0.0,0.0,0.01,0.0,0.007624618530903363,0.999948,,
1,M3,0.01,-47.264381408691406,rotation+cropping+jpeg,500,500,0.0,0.0,0.01,0.0,0.007624618530903363,0.999948,,
2,M1,0.05,-46.10303733253479,blurring,500,500,0.0,0.976,0.05,0.0,0.007624618530903363,0.999972,,
2,M1,0.05,-46.10303733253479,blurring+noise,500,500,0.0,0.92,0.05,0.0,0.007624618530903363,0.999972,,
2,M1,0.05,-46.10303733253479,cropping,500,500,0.0,0.11,0.05,0.0,0.007624618530903363,0.999972,,
2,M1,0.05,-46.10303733253479,cropping+jpeg,500,500,0.0,0.024,0.05,0.0,0.007624618530903363,0.999972,,
2,M1,0.05,-46.10303733253479,jpeg+cropping,500,500,0.0,0.014,0.05,0.0,0.007624618530903363,0.999972,,
2,M1,0.05,-46.10303733253479,jpeg_q30,500,500,0.002,0.82,0.048,0.000353127309584542,0.011240992747195207,0.999972,,
2,M1,0.05,-46.10303733253479,jpeg_q50,500,500,0.002,0.91,0.048,0.000353127309584542,0.011240992747195207,0.999972,,
2,M1,0.05,-46.10303733253479,jpeg_q70,500,500,0.0,0.966,0.05,0.0,0.007624618530903363,0.999972,,
2,M1,0.05,-46.10303733253479,jpeg_q90,500,500,0.0,0.98,0.05,0.0,0.007624618530903363,0.999972,,
2,M1,0.05,-46.10303733253479,noise+blurring+jpeg,500,500,0.0,0.77,0.05,0.0,0.007624618530903363,0.999972,,
2,M1,0.05,-46.10303733253479,noise_s001,500,500,0.0,0.978,0.05,0.0,0.007624618530903363,0.999972,,
2,M1,0.05,-46.10303733253479,noise_s003,500,500,0.0,0.958,0.05,0.0,0.007624618530903363,0.999972,,
2,M1,0.05,-46.10303733253479,noise_s005,500,500,0.0,0.934,0.05,0.0,0.007624618530903363,0.999972,,
2,M1,0.05,-46.10303733253479,noise_s008,500,500,0.002,0.826,0.048,0.000353127309584542,0.011240992747195207,0.999972,,
2,M1,0.05,-46.10303733253479,none,500,500,0.0,0.982,0.05,0.0,0.007624618530903363,0.999972,,
2,M1,0.05,-46.10303733253479,rotation,500,500,0.0,0.0,0.05,0.0,0.007624618530903363,0.999972,,
2,M1,0.05,-46.10303733253479,rotation+cropping+jpeg,500,500,0.0,0.0,0.05,0.0,0.007624618530903363,0.999972,,
2,M2,0.05,-46.79324722290039,blurring,500,500,0.0,0.986,0.05,0.0,0.007624618530903363,0.999972,,
2,M2,0.05,-46.79324722290039,blurring+noise,500,500,0.002,0.96,0.048,0.000353127309584542,0.011240992747195207,0.999972,,
2,M2,0.05,-46.79324722290039,cropping,500,500,0.0,0.196,0.05,0.0,0.007624618530903363,0.999972,,
2,M2,0.05,-46.79324722290039,cropping+jpeg,500,500,0.002,0.062,0.048,0.000353127309584542,0.011240992747195207,0.999972,,
2,M2,0.05,-46.79324722290039,jpeg+cropping,500,500,0.0,0.034,0.05,0.0,0.007624618530903363,0.999972,,
2,M2,0.05,-46.79324722290039,jpeg_q30,500,500,0.006,0.892,0.044000000000000004,0.002042559297638913,0.017490563810893606,0.999972,,
2,M2,0.05,-46.79324722290039,jpeg_q50,500,500,0.002,0.948,0.048,0.000353127309584542,0.011240992747195207,0.999972,,
2,M2,0.05,-46.79324722290039,jpeg_q70,500,500,0.0,0.978,0.05,0.0,0.007624618530903363,0.999972,,
2,M2,0.05,-46.79324722290039,jpeg_q90,500,500,0.0,0.99,0.05,0.0,0.007624618530903363,0.999972,,
2,M2,0.05,-46.79324722290039,noise+blurring+jpeg,500,500,0.0,0.846,0.05,0.0,0.007624618530903363,0.999972,,
2,M2,0.05,-46.79324722290039,noise_s001,500,500,0.0,0.99,0.05,0.0,0.007624618530903363,0.999972,,
2,M2,0.05,-46.79324722290039,noise_s003,500,500,0.0,0.976,0.05,0.0,0.007624618530903363,0.999972,,
2,M2,0.05,-46.79324722290039,noise_s005,500,500,0.002,0.958,0.048,0.000353127309584542,0.011240992747195207,0.999972,,
2,M2,0.05,-46.79324722290039,noise_s008,500,500,0.002,0.894,0.048,0.000353127309584542,0.011240992747195207,0.999972,,
2,M2,0.05,-46.79324722290039,none,500,500,0.0,0.992,0.05,0.0,0.007624618530903363,0.999972,,
2,M2,0.05,-46.79324722290039,rotation,500,500,0.0,0.0,0.05,0.0,0.007624618530903363,0.999972,,
2,M2,0.05,-46.79324722290039,rotation+cropping+jpeg,500,500,0.002,0.002,0.048,0.000353127309584542,0.011240992747195207,0.999972,,
2,M3,0.05,-49.36642837524414,blurring,500,500,0.034,1.0,0.016,0.02133433944461342,0.053771805026188516,0.999972,,
2,M3,0.05,-49.36642837524414,blurring+noise,500,500,0.074,0.998,0.023999999999999994,0.05416087387750307,0.10033530111082659,0.999972,,
2,M3,0.05,-49.36642837524414,cropping,500,500,0.034,0.704,0.016,0.02133433944461342,0.053771805026188516,0.999972,,
2,M3,0.05,-49.36642837524414,cropping+jpeg,500,500,0.022,0.442,0.028000000000000004,0.01232788016714588,0.03896125514839773,0.999972,,
2,M3,0.05,-49.36642837524414,jpeg+cropping,500,500,0.016,0.316,0.034,0.008129155320203278,0.03125147541771118,0.999972,,
2,M3,0.05,-49.36642837524414,jpeg_q30,500,500,0.03,0.988,0.020000000000000004,0.018263049234083534,0.04890409218496562,0.999972,,
2,M3,0.05,-49.36642837524414,jpeg_q50,500,500,0.018,0.994,0.032,0.009498085051756854,0.03385204721203399,0.999972,,
2,M3,0.05,-49.36642837524414,jpeg_q70,500,500,0.038,0.998,0.012000000000000004,0.024459922123289107,0.0585852253992656,0.999972,,
2,M3,0.05,-49.36642837524414,jpeg_q90,500,500,0.042,1.0,0.008,0.027632099334746148,0.06335205123956134,0.999972,,
2,M3,0.05,-49.36642837524414,noise+blurring+jpeg,500,500,0.012,0.976,0.038000000000000006,0.0055109199671753584,0.025930707718986326,0.999972,,
2,M3,0.05,-49.36642837524414,noise_s001,500,500,0.046,1.0,0.0040000000000000036,0.030844883399787512,0.06807827022627275,0.999972,,
2,M3,0.05,-49.36642837524414,noise_s003,500,500,0.052,1.0,0.001999999999999995,0.03573001990962654,0.07510163829406287,0.999972,,
2,M3,0.05,-49.36642837524414,noise_s005,500,500,0.068,0.998,0.018000000000000002,0.04906621332682857,0.09352145708387197,0.999972,,
2,M3,0.05,-49.36642837524414,noise_s008,500,500,0.068,0.994,0.018000000000000002,0.04906621332682857,0.09352145708387197,0.999972,,
2,M3,0.05,-49.36642837524414,none,500,500,0.042,1.0,0.008,0.027632099334746148,0.06335205123956134,0.999972,,
2,M3,0.05,-49.36642837524414,rotation,500,500,0.004,0.054,0.046,0.0010976075412372681,0.014466014041418871,0.999972,,
2,M3,0.05,-49.36642837524414,rotation+cropping+jpeg,500,500,0.014,0.034,0.036000000000000004,0.006797703071787358,0.02861342614025071,0.999972,,
2,M1,0.1,-46.10303733253479,blurring,500,500,0.0,0.976,0.1,0.0,0.007624618530903363,0.999972,,
2,M1,0.1,-46.10303733253479,blurring+noise,500,500,0.0,0.92,0.1,0.0,0.007624618530903363,0.999972,,
2,M1,0.1,-46.10303733253479,cropping,500,500,0.0,0.11,0.1,0.0,0.007624618530903363,0.999972,,
2,M1,0.1,-46.10303733253479,cropping+jpeg,500,500,0.0,0.024,0.1,0.0,0.007624618530903363,0.999972,,
2,M1,0.1,-46.10303733253479,jpeg+cropping,500,500,0.0,0.014,0.1,0.0,0.007624618530903363,0.999972,,
2,M1,0.1,-46.10303733253479,jpeg_q30,500,500,0.002,0.82,0.098,0.000353127309584542,0.011240992747195207,0.999972,,
2,M1,0.1,-46.10303733253479,jpeg_q50,500,500,0.002,0.91,0.098,0.000353127309584542,0.011240992747195207,0.999972,,
2,M1,0.1,-46.10303733253479,jpeg_q70,500,500,0.0,0.966,0.1,0.0,0.007624618530903363,0.999972,,
2,M1,0.1,-46.10303733253479,jpeg_q90,500,500,0.0,0.98,0.1,0.0,0.007624618530903363,0.999972,,
2,M1,0.1,-46.10303733253479,noise+blurring+jpeg,500,500,0.0,0.77,0.1,0.0,0.007624618530903363,0.999972,,
2,M1,0.1,-46.10303733253479,noise_s001,500,500,0.0,0.978,0.1,0.0,0.007624618530903363,0.999972,,
2,M1,0.1,-46.10303733253479,noise_s003,500,500,0.0,0.958,0.1,0.0,0.007624618530903363,0.999972,,
2,M1,0.1,-46.10303733253479,noise_s005,500,500,0.0,0.934,0.1,0.0,0.007624618530903363,0.999972,,
2,M1,0.1,-46.10303733253479,noise_s008,500,500,0.002,0.826,0.098,0.000353127309584542,0.011240992747195207,0.999972,,
2,M1,0.1,-46.10303733253479,none,500,500,0.0,0.982,0.1,0.0,0.007624618530903363,0.999972,,
2,M1,0.1,-46.10303733253479,rotation,500,500,0.0,0.0,0.1,0.0,0.007624618530903363,0.999972,,
2,M1,0.1,-46.10303733253479,rotation+cropping+jpeg,500,500,0.0,0.0,0.1,0.0,0.007624618530903363,0.999972,,
2,M2,0.1,-46.79324722290039,blurring,500,500,0.0,0.986,0.1,0.0,0.007624618530903363,0.999972,,
2,M2,0.1,-46.79324722290039,blurring+noise,500,500,0.002,0.96,0.098,0.000353127309584542,0.011240992747195207,0.999972,,
2,M2,0.1,-46.79324722290039,cropping,500,500,0.0,0.196,0.1,0.0,0.007624618530903363,0.999972,,
2,M2,0.1,-46.79324722290039,cropping+jpeg,500,500,0.002,0.062,0.098,0.000353127309584542,0.011240992747195207,0.999972,,
2,M2,0.1,-46.79324722290039,jpeg+cropping,500,500,0.0,0.034,0.1,0.0,0.007624618530903363,0.999972,,
2,M2,0.1,-46.79324722290039,jpeg_q30,500,500,0.006,0.892,0.094,0.002042559297638913,0.017490563810893606,0.999972,,
2,M2,0.1,-46.79324722290039,jpeg_q50,500,500,0.002,0.948,0.098,0.000353127309584542,0.011240992747195207,0.999972,,
2,M2,0.1,-46.79324722290039,jpeg_q70,500,500,0.0,0.978,0.1,0.0,0.007624618530903363,0.999972,,
2,M2,0.1,-46.79324722290039,jpeg_q90,500,500,0.0,0.99,0.1,0.0,0.007624618530903363,0.999972,,
2,M2,0.1,-46.79324722290039,noise+blurring+jpeg,500,500,0.0,0.846,0.1,0.0,0.007624618530903363,0.999972,,
2,M2,0.1,-46.79324722290039,noise_s001,500,500,0.0,0.99,0.1,0.0,0.007624618530903363,0.999972,,
2,M2,0.1,-46.79324722290039,noise_s003,500,500,0.0,0.976,0.1,0.0,0.007624618530903363,0.999972,,
2,M2,0.1,-46.79324722290039,noise_s005,500,500,0.002,0.958,0.098,0.000353127309584542,0.011240992747195207,0.999972,,
2,M2,0.1,-46.79324722290039,noise_s008,500,500,0.002,0.894,0.098,0.000353127309584542,0.011240992747195207,0.999972,,
2,M2,0.1,-46.79324722290039,none,500,500,0.0,0.992,0.1,0.0,0.007624618530903363,0.999972,,
2,M2,0.1,-46.79324722290039,rotation,500,500,0.0,0.0,0.1,0.0,0.007624618530903363,0.999972,,
2,M2,0.1,-46.79324722290039,rotation+cropping+jpeg,500,500,0.002,0.002,0.098,0.000353127309584542,0.011240992747195207,0.999972,,
2,M3,0.1,-50.4855842590332,blurring,500,500,0.07,1.0,0.03,0.05075944317125315,0.09579772876532376,0.999972,,
2,M3,0.1,-50.4855842590332,blurring+noise,500,500,0.126,1.0,0.025999999999999995,0.09973485690292784,0.1579683577581879,0.999972,,
2,M3,0.1,-50.4855842590332,cropping,500,500,0.086,0.842,0.014000000000000012,0.06447280005130328,0.11384038409228468,0.999972,,
2,M3,0.1,-50.4855842590332,cropping+jpeg,500,500,0.066,0.674,0.034,0.04737823802541255,0.09123993085941157,0.999972,,
2,M3,0.1,-50.4855842590332,jpeg+cropping,500,500,0.044,0.578,0.05600000000000001,0.029233737680341678,0.06571991441984218,0.999972,,
2,M3,0.1,-50.4855842590332,jpeg_q30,500,500,0.06,0.994,0.04000000000000001,0.042348086000950205,0.08436157830624476,0.999972,,
2,M3,0.1,-50.4855842590332,jpeg_q50,500,500,0.068,1.0,0.032,0.04906621332682857,0.09352145708387197,0.999972,,
2,M3,0.1,-50.4855842590332,jpeg_q70,500,500,0.068,1.0,0.032,0.04906621332682857,0.09352145708387197,0.999972,,
2,M3,0.1,-50.4855842590332,jpeg_q90,500,500,0.086,1.0,0.014000000000000012,0.06447280005130328,0.11384038409228468,0.999972,,
2,M3,0.1,-50.4855842590332,noise+blurring+jpeg,500,500,0.046,0.984,0.054000000000000006,0.030844883399787512,0.06807827022627275,0.999972,,
2,M3,0.1,-50.4855842590332,noise_s001,500,500,0.082,1.0,0.018000000000000002,0.06101875732494105,0.10935542376689417,0.999972,,
2,M3,0.1,-50.4855842590332,noise_s003,500,500,0.102,1.0,0.001999999999999988,0.07843397139617729,0.1316352249544218,0.999972,,
2,M3,0.1,-50.4855842590332,noise_s005,500,500,0.118,1.0,0.017999999999999988,0.09259259259259259,0.14923261596501758,0.999972,,
2,M3,0.1,-50.4855842590332,noise_s008,500,500,0.138,0.998,0.038000000000000006,0.11051755348949738,0.17100267032687666,0.999972,,
2,M3,0.1,-50.4855842590332,none,500,500,0.088,1.0,0.01200000000000001,0.06620563711739778,0.11607704855206659,0.999972,,
2,M3,0.1,-50.4855842590332,rotation,500,500,0.008,0.146,0.092,0.0031152647975077885,0.020387359836901122,0.999972,,
2,M3,0.1,-50.4855842590332,rotation+cropping+jpeg,500,500,0.028,0.098,0.07200000000000001,0.01675081930862122,0.04644682058455155,0.999972,,
2,M1,0.01,-46.10303733253479,blurring,500,500,0.0,0.976,0.01,0.0,0.007624618530903363,0.999972,,
2,M1,0.01,-46.10303733253479,blurring+noise,500,500,0.0,0.92,0.01,0.0,0.007624618530903363,0.999972,,
2,M1,0.01,-46.10303733253479,cropping,500,500,0.0,0.11,0.01,0.0,0.007624618530903363,0.999972,,
2,M1,0.01,-46.10303733253479,cropping+jpeg,500,500,0.0,0.024,0.01,0.0,0.007624618530903363,0.999972,,
2,M1,0.01,-46.10303733253479,jpeg+cropping,500,500,0.0,0.014,0.01,0.0,0.007624618530903363,0.999972,,
2,M1,0.01,-46.10303733253479,jpeg_q30,500,500,0.002,0.82,0.008,0.000353127309584542,0.011240992747195207,0.999972,,
2,M1,0.01,-46.10303733253479,jpeg_q50,500,500,0.002,0.91,0.008,0.000353127309584542,0.011240992747195207,0.999972,,
2,M1,0.01,-46.10303733253479,jpeg_q70,500,500,0.0,0.966,0.01,0.0,0.007624618530903363,0.999972,,
2,M1,0.01,-46.10303733253479,jpeg_q90,500,500,0.0,0.98,0.01,0.0,0.007624618530903363,0.999972,,
2,M1,0.01,-46.10303733253479,noise+blurring+jpeg,500,500,0.0,0.77,0.01,0.0,0.007624618530903363,0.999972,,
2,M1,0.01,-46.10303733253479,noise_s001,500,500,0.0,0.978,0.01,0.0,0.007624618530903363,0.999972,,
2,M1,0.01,-46.10303733253479,noise_s003,500,500,0.0,0.958,0.01,0.0,0.007624618530903363,0.999972,,
2,M1,0.01,-46.10303733253479,noise_s005,500,500,0.0,0.934,0.01,0.0,0.007624618530903363,0.999972,,
2,M1,0.01,-46.10303733253479,noise_s008,500,500,0.002,0.826,0.008,0.000353127309584542,0.011240992747195207,0.999972,,
2,M1,0.01,-46.10303733253479,none,500,500,0.0,0.982,0.01,0.0,0.007624618530903363,0.999972,,
2,M1,0.01,-46.10303733253479,rotation,500,500,0.0,0.0,0.01,0.0,0.007624618530903363,0.999972,,
2,M1,0.01,-46.10303733253479,rotation+cropping+jpeg,500,500,0.0,0.0,0.01,0.0,0.007624618530903363,0.999972,,
2,M2,0.01,-46.79324722290039,blurring,500,500,0.0,0.986,0.01,0.0,0.007624618530903363,0.999972,,
2,M2,0.01,-46.79324722290039,blurring+noise,500,500,0.002,0.96,0.008,0.000353127309584542,0.011240992747195207,0.999972,,
2,M2,0.01,-46.79324722290039,cropping,500,500,0.0,0.196,0.01,0.0,0.007624618530903363,0.999972,,
2,M2,0.01,-46.79324722290039,cropping+jpeg,500,500,0.002,0.062,0.008,0.000353127309584542,0.011240992747195207,0.999972,,
2,M2,0.01,-46.79324722290039,jpeg+cropping,500,500,0.0,0.034,0.01,0.0,0.007624618530903363,0.999972,,
2,M2,0.01,-46.79324722290039,jpeg_q30,500,500,0.006,0.892,0.004,0.002042559297638913,0.017490563810893606,0.999972,,
2,M2,0.01,-46.79324722290039,jpeg_q50,500,500,0.002,0.948,0.008,0.000353127309584542,0.011240992747195207,0.999972,,
2,M2,0.01,-46.79324722290039,jpeg_q70,500,500,0.0,0.978,0.01,0.0,0.007624618530903363,0.999972,,
2,M2,0.01,-46.79324722290039,jpeg_q90,500,500,0.0,0.99,0.01,0.0,0.007624618530903363,0.999972,,
2,M2,0.01,-46.79324722290039,noise+blurring+jpeg,500,500,0.0,0.846,0.01,0.0,0.007624618530903363,0.999972,,
2,M2,0.01,-46.79324722290039,noise_s001,500,500,0.0,0.99,0.01,0.0,0.007624618530903363,0.999972,,
2,M2,0.01,-46.79324722290039,noise_s003,500,500,0.0,0.976,0.01,0.0,0.007624618530903363,0.999972,,
2,M2,0.01,-46.79324722290039,noise_s005,500,500,0.002,0.958,0.008,0.000353127309584542,0.011240992747195207,0.999972,,
2,M2,0.01,-46.79324722290039,noise_s008,500,500,0.002,0.894,0.008,0.000353127309584542,0.011240992747195207,0.999972,,
2,M2,0.01,-46.79324722290039,none,500,500,0.0,0.992,0.01,0.0,0.007624618530903363,0.999972,,
2,M2,0.01,-46.79324722290039,rotation,500,500,0.0,0.0,0.01,0.0,0.007624618530903363,0.999972,,
2,M2,0.01,-46.79324722290039,rotation+cropping+jpeg,500,500,0.002,0.002,0.008,0.000353127309584542,0.011240992747195207,0.999972,,
2,M3,0.01,-47.328914642333984,blurring,500,500,0.002,0.994,0.008,0.000353127309584542,0.011240992747195207,0.999972,,
2,M3,0.01,-47.328914642333984,blurring+noise,500,500,0.01,0.978,0.0,0.004278690781520357,0.023193435378764938,0.999972,,
2,M3,0.01,-47.328914642333984,cropping,500,500,0.0,0.284,0.01,0.0,0.007624618530903363,0.999972,,
2,M3,0.01,-47.328914642333984,cropping+jpeg,500,500,0.004,0.104,0.006,0.0010976075412372681,0.014466014041418871,0.999972,,
2,M3,0.01,-47.328914642333984,jpeg+cropping,500,500,0.002,0.064,0.008,0.000353127309584542,0.011240992747195207,0.999972,,
2,M3,0.01,-47.328914642333984,jpeg_q30,500,500,0.006,0.92,0.004,0.002042559297638913,0.017490563810893606,0.999972,,
2,M3,0.01,-47.328914642333984,jpeg_q50,500,500,0.004,0.954,0.006,0.0010976075412372681,0.014466014041418871,0.999972,,
2,M3,0.01,-47.328914642333984,jpeg_q70,500,500,0.0,0.992,0.01,0.0,0.007624618530903363,0.999972,,
2,M3,0.01,-47.328914642333984,jpeg_q90,500,500,0.0,0.994,0.01,0.0,0.007624618530903363,0.999972,,
2,M3,0.01,-47.328914642333984,noise+blurring+jpeg,500,500,0.0,0.868,0.01,0.0,0.007624618530903363,0.999972,,
2,M3,0.01,-47.328914642333984,noise_s001,500,500,0.0,0.996,0.01,0.0,0.007624618530903363,0.999972,,
2,M3,0.01,-47.328914642333984,noise_s003,500,500,0.006,0.984,0.004,0.002042559297638913,0.017490563810893606,0.999972,,
2,M3,0.01,-47.328914642333984,noise_s005,500,500,0.004,0.976,0.006,0.0010976075412372681,0.014466014041418871,0.999972,,
2,M3,0.01,-47.328914642333984,noise_s008,500,500,0.004,0.928,0.006,0.0010976075412372681,0.014466014041418871,0.999972,,
2,M3,0.01,-47.328914642333984,none,500,500,0.0,0.996,0.01,0.0,0.007624618530903363,0.999972,,
2,M3,0.01,-47.328914642333984,rotation,500,500,0.0,0.0,0.01,0.0,0.007624618530903363,0.999972,,
2,M3,0.01,-47.328914642333984,rotation+cropping+jpeg,500,500,0.002,0.002,0.008,0.000353127309584542,0.011240992747195207,0.999972,,
3,M1,0.05,-46.22236493110657,blurring,500,500,0.002,0.99,0.048,0.000353127309584542,0.011240992747195207,0.999944,,
3,M1,0.05,-46.22236493110657,blurring+noise,500,500,0.0,0.952,0.05,0.0,0.007624618530903363,0.999944,,
3,M1,0.05,-46.22236493110657,cropping,500,500,0.002,0.112,0.048,0.000353127309584542,0.011240992747195207,0.999944,,
3,M1,0.05,-46.22236493110657,cropping+jpeg,500,500,0.002,0.026,0.048,0.000353127309584542,0.011240992747195207,0.999944,,
3,M1,0.05,-46.22236493110657,jpeg+cropping,500,500,0.002,0.01,0.048,0.000353127309584542,0.011240992747195207,0.999944,,
3,M1,0.05,-46.22236493110657,jpeg_q30,500,500,0.002,0.872,0.048,0.000353127309584542,0.011240992747195207,0.999944,,
3,M1,0.05,-46.22236493110657,jpeg_q50,500,500,0.002,0.938,0.048,0.000353127309584542,0.011240992747195207,0.999944,,
3,M1,0.05,-46.22236493110657,jpeg_q70,500,500,0.002,0.98,0.048,0.000353127309584542,0.011240992747195207,0.999944,,
3,M1,0.05,-46.22236493110657,jpeg_q90,500,500,0.002,0.988,0.048,0.000353127309584542,0.011240992747195207,0.999944,,
3,M1,0.05,-46.22236493110657,noise+blurring+jpeg,500,500,0.0,0.818,0.05,0.0,0.007624618530903363,0.999944,,
3,M1,0.05,-46.22236493110657,noise_s001,500,500,0.0,0.994,0.05,0.0,0.007624618530903363,0.999944,,
3,M1,0.05,-46.22236493110657,noise_s003,500,500,0.0,0.982,0.05,0.0,0.007624618530903363,0.999944,,
3,M1,0.05,-46.22236493110657,noise_s005,500,500,0.0,0.95,0.05,0.0,0.007624618530903363,0.999944,,
3,M1,0.05,-46.22236493110657,noise_s008,500,500,0.0,0.856,0.05,0.0,0.007624618530903363,0.999944,,
3,M1,0.05,-46.22236493110657,none,500,500,0.002,0.99,0.048,0.000353127309584542,0.011240992747195207,0.999944,,
3,M1,0.05,-46.22236493110657,rotation,500,500,0.0,0.002,0.05,0.0,0.007624618530903363,0.999944,,
3,M1,0.05,-46.22236493110657,rotation+cropping+jpeg,500,500,0.002,0.002,0.048,0.000353127309584542,0.011240992747195207,0.999944,,
3,M2,0.05,-47.019813537597656,blurring,500,500,0.008,0.994,0.042,0.0031152647975077885,0.020387359836901122,0.999944,,
3,M2,0.05,-47.019813537597656,blurring+noise,500,500,0.0,0.98,0.05,0.0,0.007624618530903363,0.999944,,
3,M2,0.05,-47.019813537597656,cropping,500,500,0.002,0.248,0.048,0.000353127309584542,0.011240992747195207,0.999944,,
3,M2,0.05,-47.019813537597656,cropping+jpeg,500,500,0.002,0.072,0.048,0.000353127309584542,0.011240992747195207,0.999944,,
3,M2,0.05,-47.019813537597656,jpeg+cropping,500,500,0.002,0.046,0.048,0.000353127309584542,0.011240992747195207,0.999944,,
3,M2,0.05,-47.019813537597656,jpeg_q30,500,500,0.002,0.916,0.048,0.000353127309584542,0.011240992747195207,0.999944,,
3,M2,0.05,-47.019813537597656,jpeg_q50,500,500,0.002,0.966,0.048,0.000353127309584542,0.011240992747195207,0.999944,,
3,M2,0.05,-47.019813537597656,jpeg_q70,500,500,0.002,0.99,0.048,0.000353127309584542,0.011240992747195207,0.999944,,
3,M2,0.05,-47.019813537597656,jpeg_q90,500,500,0.004,0.994,0.046,0.0010976075412372681,0.014466014041418871,0.999944,,
3,M2,0.05,-47.019813537597656,noise+blurring+jpeg,500,500,0.0,0.874,0.05,0.0,0.007624618530903363,0.999944,,
3,M2,0.05,-47.019813537597656,noise_s001,500,500,0.002,0.996,0.048,0.000353127309584542,0.011240992747195207,0.999944,,
3,M2,0.05,-47.019813537597656,noise_s003,500,500,0.002,0.996,0.048,0.000353127309584542,0.011240992747195207,0.999944,,
3,M2,0.05,-47.019813537597656,noise_s005,500,500,0.002,0.986,0.048,0.000353127309584542,0.011240992747195207,0.999944,,
3,M2,0.05,-47.019813537597656,noise_s008,500,500,0.002,0.918,0.048,0.000353127309584542,0.011240992747195207,0.999944,,
3,M2,0.05,-47.019813537597656,none,500,500,0.004,0.992,0.046,0.0010976075412372681,0.014466014041418871,0.999944,,
3,M2,0.05,-47.019813537597656,rotation,500,500,0.002,0.002,0.048,0.000353127309584542,0.011240992747195207,0.999944,,
3,M2,0.05,-47.019813537597656,rotation+cropping+jpeg,500,500,0.002,0.002,0.048,0.000353127309584542,0.011240992747195207,0.999944,,
3,M3,0.05,-49.06353759765625,blurring,500,500,0.04,1.0,0.010000000000000002,0.026040593951356387,0.06097405509707471,0.999944,,
3,M3,0.05,-49.06353759765625,blurring+noise,500,500,0.062,0.998,0.011999999999999997,0.04401893261361028,0.08666023321946106,0.999944,,
3,M3,0.05,-49.06353759765625,cropping,500,500,0.03,0.672,0.020000000000000004,0.018263049234083534,0.04890409218496562,0.999944,,
3,M3,0.05,-49.06353759765625,cropping+jpeg,500,500,0.016,0.412,0.034,0.008129155320203278,0.03125147541771118,0.999944,,
3,M3,0.05,-49.06353759765625,jpeg+cropping,500,500,0.01,0.346,0.04,0.004278690781520357,0.023193435378764938,0.999944,,
3,M3,0.05,-49.06353759765625,jpeg_q30,500,500,0.026,0.986,0.024000000000000004,0.0152562373229252,0.04397190104437119,0.999944,,
3,M3,0.05,-49.06353759765625,jpeg_q50,500,500,0.016,0.994,0.034,0.008129155320203278,0.03125147541771118,0.999944,,
3,M3,0.05,-49.06353759765625,jpeg_q70,500,500,0.02,1.0,0.030000000000000002,0.010899065235569357,0.03642056855409787,0.999944,,
3,M3,0.05,-49.06353759765625,jpeg_q90,500,500,0.03,1.0,0.020000000000000004,0.018263049234083534,0.04890409218496562,0.999944,,
3,M3,0.05,-49.06353759765625,noise+blurring+jpeg,500,500,0.008,0.986,0.042,0.0031152647975077885,0.020387359836901122,0.999944,,
3,M3,0.05,-49.06353759765625,noise_s001,500,500,0.03,1.0,0.020000000000000004,0.018263049234083534,0.04890409218496562,0.999944,,
3,M3,0.05,-49.06353759765625,noise_s003,500,500,0.048,1.0,0.0020000000000000018,0.03246497509125218,0.07042768006068446,0.999944,,
3,M3,0.05,-49.06353759765625,noise_s005,500,500,0.068,1.0,0.018000000000000002,0.04906621332682857,0.09352145708387197,0.999944,,
3,M3,0.05,-49.06353759765625,noise_s008,500,500,0.064,0.998,0.013999999999999999,0.045695733565557124,0.08895293379339062,0.999944,,
3,M3,0.05,-49.06353759765625,none,500,500,0.032,1.0,0.018000000000000002,0.01979134135128301,0.05134530159364255,0.999944,,
3,M3,0.05,-49.06353759765625,rotation,500,500,0.004,0.022,0.046,0.0010976075412372681,0.014466014041418871,0.999944,,
3,M3,0.05,-49.06353759765625,rotation+cropping+jpeg,500,500,0.008,0.014,0.042,0.0031152647975077885,0.020387359836901122,0.999944,,
3,M1,0.1,-46.22236493110657,blurring,500,500,0.002,0.99,0.098,0.000353127309584542,0.011240992747195207,0.999944,,
3,M1,0.1,-46.22236493110657,blurring+noise,500,500,0.0,0.952,0.1,0.0,0.007624618530903363,0.999944,,
3,M1,0.1,-46.22236493110657,cropping,500,500,0.002,0.112,0.098,0.000353127309584542,0.011240992747195207,0.999944,,
3,M1,0.1,-46.22236493110657,cropping+jpeg,500,500,0.002,0.026,0.098,0.000353127309584542,0.011240992747195207,0.999944,,
3,M1,0.1,-46.22236493110657,jpeg+cropping,500,500,0.002,0.01,0.098,0.000353127309584542,0.011240992747195207,0.999944,,
3,M1,0.1,-46.22236493110657,jpeg_q30,500,500,0.002,0.872,0.098,0.000353127309584542,0.011240992747195207,0.999944,,
3,M1,0.1,-46.22236493110657,jpeg_q50,500,500,0.002,0.938,0.098,0.000353127309584542,0.011240992747195207,0.999944,,
3,M1,0.1,-46.22236493110657,jpeg_q70,500,500,0.002,0.98,0.098,0.000353127309584542,0.011240992747195207,0.999944,,
3,M1,0.1,-46.22236493110657,jpeg_q90,500,500,0.002,0.988,0.098,0.000353127309584542,0.011240992747195207,0.999944,,
3,M1,0.1,-46.22236493110657,noise+blurring+jpeg,500,500,0.0,0.818,0.1,0.0,0.007624618530903363,0.999944,,
3,M1,0.1,-46.22236493110657,noise_s001,500,500,0.0,0.994,0.1,0.0,0.007624618530903363,0.999944,,
3,M1,0.1,-46.22236493110657,noise_s003,500,500,0.0,0.982,0.1,0.0,0.007624618530903363,0.999944,,
3,M1,0.1,-46.22236493110657,noise_s005,500,500,0.0,0.95,0.1,0.0,0.007624618530903363,0.999944,,
3,M1,0.1,-46.22236493110657,noise_s008,500,500,0.0,0.856,0.1,0.0,0.007624618530903363,0.999944,,
3,M1,0.1,-46.22236493110657,none,500,500,0.002,0.99,0.098,0.000353127309584542,0.011240992747195207,0.999944,,
3,M1,0.1,-46.22236493110657,rotation,500,500,0.0,0.002,0.1,0.0,0.007624618530903363,0.999944,,
3,M1,0.1,-46.22236493110657,rotation+cropping+jpeg,500,500,0.002,0.002,0.098,0.000353127309584542,0.011240992747195207,0.999944,,
3,M2,0.1,-47.019813537597656,blurring,500,500,0.008,0.994,0.092,0.0031152647975077885,0.020387359836901122,0.999944,,
3,M2,0.1,-47.019813537597656,blurring+noise,500,500,0.0,0.98,0.1,0.0,0.007624618530903363,0.999944,,
3,M2,0.1,-47.019813537597656,cropping,500,500,0.002,0.248,0.098,0.000353127309584542,0.011240992747195207,0.999944,,
3,M2,0.1,-47.019813537597656,cropping+jpeg,500,500,0.002,0.072,0.098,0.000353127309584542,0.011240992747195207,0.999944,,
3,M2,0.1,-47.019813537597656,jpeg+cropping,500,500,0.002,0.046,0.098,0.000353127309584542,0.011240992747195207,0.999944,,
3,M2,0.1,-47.019813537597656,jpeg_q30,500,500,0.002,0.916,0.098,0.000353127309584542,0.011240992747195207,0.999944,,
3,M2,0.1,-47.019813537597656,jpeg_q50,500,500,0.002,0.966,0.098,0.000353127309584542,0.011240992747195207,0.999944,,
3,M2,0.1,-47.019813537597656,jpeg_q70,500,500,0.002,0.99,0.098,0.000353127309584542,0.011240992747195207,0.999944,,
3,M2,0.1,-47.019813537597656,jpeg_q90,500,500,0.004,0.994,0.096,0.0010976075412372681,0.014466014041418871,0.999944,,
3,M2,0.1,-47.019813537597656,noise+blurring+jpeg,500,500,0.0,0.874,0.1,0.0,0.007624618530903363,0.999944,,
3,M2,0.1,-47.019813537597656,noise_s001,500,500,0.002,0.996,0.098,0.000353127309584542,0.011240992747195207,0.999944,,
3,M2,0.1,-47.019813537597656,noise_s003,500,500,0.002,0.996,0.098,0.000353127309584542,0.011240992747195207,0.999944,,
3,M2,0.1,-47.019813537597656,noise_s005,500,500,0.002,0.986,0.098,0.000353127309584542,0.011240992747195207,0.999944,,
3,M2,0.1,-47.019813537597656,noise_s008,500,500,0.002,0.918,0.098,0.000353127309584542,0.011240992747195207,0.999944,,
3,M2,0.1,-47.019813537597656,none,500,500,0.004,0.992,0.096,0.0010976075412372681,0.014466014041418871,0.999944,,
3,M2,0.1,-47.019813537597656,rotation,500,500,0.002,0.002,0.098,0.000353127309584542,0.011240992747195207,0.999944,,
3,M2,0.1,-47.019813537597656,rotation+cropping+jpeg,500,500,0.002,0.002,0.098,0.000353127309584542,0.011240992747195207,0.999944,,
3,M3,0.1,-50.3978271484375,blurring,500,500,0.078,1.0,0.022000000000000006,0.057581071819524224,0.10485410622055823,0.999944,,
3,M3,0.1,-50.3978271484375,blurring+noise,500,500,0.15,1.0,0.04999999999999999,0.12137548023138253,0.1839617527402498,0.999944,,
3,M3,0.1,-50.3978271484375,cropping,500,500,0.078,0.842,0.022000000000000006,0.057581071819524224,0.10485410622055823,0.999944,,
3,M3,0.1,-50.3978271484375,cropping+jpeg,500,500,0.07,0.684,0.03,0.05075944317125315,0.09579772876532376,0.999944,,
3,M3,0.1,-50.3978271484375,jpeg+cropping,500,500,0.036,0.632,0.064,0.022890872735181415,0.05618477326149691,0.999944,,
3,M3,0.1,-50.3978271484375,jpeg_q30,500,500,0.066,0.996,0.034,0.04737823802541255,0.09123993085941157,0.999944,,
3,M3,0.1,-50.3978271484375,jpeg_q50,500,500,0.052,0.998,0.04800000000000001,0.03573001990962654,0.07510163829406287,0.999944,,
3,M3,0.1,-50.3978271484375,jpeg_q70,500,500,0.074,1.0,0.02600000000000001,0.05416087387750307,0.10033530111082659,0.999944,,
3,M3,0.1,-50.3978271484375,jpeg_q90,500,500,0.096,1.0,0.0040000000000000036,0.07317313790557156,0.12498755386739835,0.999944,,
3,M3,0.1,-50.3978271484375,noise+blurring+jpeg,500,500,0.038,0.998,0.062000000000000006,0.024459922123289107,0.0585852253992656,0.999944,,
3,M3,0.1,-50.3978271484375,noise_s001,500,500,0.094,1.0,0.006000000000000005,0.07142604659353205,0.12276514365356148,0.999944,,
3,M3,0.1,-50.3978271484375,noise_s003,500,500,0.132,1.0,0.032,0.10511627994905025,0.16449543928969462,0.999944,,
3,M3,0.1,-50.3978271484375,noise_s005,500,500,0.148,1.0,0.04799999999999999,0.11956093151848089,0.18180679992727505,0.999944,,
3,M3,0.1,-50.3978271484375,noise_s008,500,500,0.14,1.0,0.04000000000000001,0.11232220101564047,0.17316752432660995,0.999944,,
3,M3,0.1,-50.3978271484375,none,500,500,0.092,1.0,0.008000000000000007,0.0696823665014548,0.12053932221976234,0.999944,,
3,M3,0.1,-50.3978271484375,rotation,500,500,0.01,0.13,0.09000000000000001,0.004278690781520357,0.023193435378764938,0.999944,,
3,M3,0.1,-50.3978271484375,rotation+cropping+jpeg,500,500,0.02,0.108,0.08,0.010899065235569357,0.03642056855409787,0.999944,,
3,M1,0.01,-46.22236493110657,blurring,500,500,0.002,0.99,0.008,0.000353127309584542,0.011240992747195207,0.999944,,
3,M1,0.01,-46.22236493110657,blurring+noise,500,500,0.0,0.952,0.01,0.0,0.007624618530903363,0.999944,,
3,M1,0.01,-46.22236493110657,cropping,500,500,0.002,0.112,0.008,0.000353127309584542,0.011240992747195207,0.999944,,
3,M1,0.01,-46.22236493110657,cropping+jpeg,500,500,0.002,0.026,0.008,0.000353127309584542,0.011240992747195207,0.999944,,
3,M1,0.01,-46.22236493110657,jpeg+cropping,500,500,0.002,0.01,0.008,0.000353127309584542,0.011240992747195207,0.999944,,
3,M1,0.01,-46.22236493110657,jpeg_q30,500,500,0.002,0.872,0.008,0.000353127309584542,0.011240992747195207,0.999944,,
3,M1,0.01,-46.22236493110657,jpeg_q50,500,500,0.002,0.938,0.008,0.000353127309584542,0.011240992747195207,0.999944,,
3,M1,0.01,-46.22236493110657,jpeg_q70,500,500,0.002,0.98,0.008,0.000353127309584542,0.011240992747195207,0.999944,,
3,M1,0.01,-46.22236493110657,jpeg_q90,500,500,0.002,0.988,0.008,0.000353127309584542,0.011240992747195207,0.999944,,
3,M1,0.01,-46.22236493110657,noise+blurring+jpeg,500,500,0.0,0.818,0.01,0.0,0.007624618530903363,0.999944,,
3,M1,0.01,-46.22236493110657,noise_s001,500,500,0.0,0.994,0.01,0.0,0.007624618530903363,0.999944,,
3,M1,0.01,-46.22236493110657,noise_s003,500,500,0.0,0.982,0.01,0.0,0.007624618530903363,0.999944,,
3,M1,0.01,-46.22236493110657,noise_s005,500,500,0.0,0.95,0.01,0.0,0.007624618530903363,0.999944,,
3,M1,0.01,-46.22236493110657,noise_s008,500,500,0.0,0.856,0.01,0.0,0.007624618530903363,0.999944,,
3,M1,0.01,-46.22236493110657,none,500,500,0.002,0.99,0.008,0.000353127309584542,0.011240992747195207,0.999944,,
3,M1,0.01,-46.22236493110657,rotation,500,500,0.0,0.002,0.01,0.0,0.007624618530903363,0.999944,,
3,M1,0.01,-46.22236493110657,rotation+cropping+jpeg,500,500,0.002,0.002,0.008,0.000353127309584542,0.011240992747195207,0.999944,,
3,M2,0.01,-47.019813537597656,blurring,500,500,0.008,0.994,0.002,0.0031152647975077885,0.020387359836901122,0.999944,,
3,M2,0.01,-47.019813537597656,blurring+noise,500,500,0.0,0.98,0.01,0.0,0.007624618530903363,0.999944,,
3,M2,0.01,-47.019813537597656,cropping,500,500,0.002,0.248,0.008,0.000353127309584542,0.011240992747195207,0.999944,,
3,M2,0.01,-47.019813537597656,cropping+jpeg,500,500,0.002,0.072,0.008,0.000353127309584542,0.011240992747195207,0.999944,,
3,M2,0.01,-47.019813537597656,jpeg+cropping,500,500,0.002,0.046,0.008,0.000353127309584542,0.011240992747195207,0.999944,,
3,M2,0.01,-47.019813537597656,jpeg_q30,500,500,0.002,0.916,0.008,0.000353127309584542,0.011240992747195207,0.999944,,
3,M2,0.01,-47.019813537597656,jpeg_q50,500,500,0.002,0.966,0.008,0.000353127309584542,0.011240992747195207,0.999944,,
3,M2,0.01,-47.019813537597656,jpeg_q70,500,500,0.002,0.99,0.008,0.000353127309584542,0.011240992747195207,0.999944,,
3,M2,0.01,-47.019813537597656,jpeg_q90,500,500,0.004,0.994,0.006,0.0010976075412372681,0.014466014041418871,0.999944,,
3,M2,0.01,-47.019813537597656,noise+blurring+jpeg,500,500,0.0,0.874,0.01,0.0,0.007624618530903363,0.999944,,
3,M2,0.01,-47.019813537597656,noise_s001,500,500,0.002,0.996,0.008,0.000353127309584542,0.011240992747195207,0.999944,,
3,M2,0.01,-47.019813537597656,noise_s003,500,500,0.002,0.996,0.008,0.000353127309584542,0.011240992747195207,0.999944,,
3,M2,0.01,-47.019813537597656,noise_s005,500,500,0.002,0.986,0.008,0.000353127309584542,0.011240992747195207,0.999944,,
3,M2,0.01,-47.019813537597656,noise_s008,500,500,0.002,0.918,0.008,0.000353127309584542,0.011240992747195207,0.999944,,
3,M2,0.01,-47.019813537597656,none,500,500,0.004,0.992,0.006,0.0010976075412372681,0.014466014041418871,0.999944,,
3,M2,0.01,-47.019813537597656,rotation,500,500,0.002,0.002,0.008,0.000353127309584542,0.011240992747195207,0.999944,,
3,M2,0.01,-47.019813537597656,rotation+cropping+jpeg,500,500,0.002,0.002,0.008,0.000353127309584542,0.011240992747195207,0.999944,,
3,M3,0.01,-48.19476318359375,blurring,500,500,0.016,0.998,0.006,0.008129155320203278,0.03125147541771118,0.999944,,
3,M3,0.01,-48.19476318359375,blurring+noise,500,500,0.036,0.994,0.025999999999999995,0.022890872735181415,0.05618477326149691,0.999944,,
3,M3,0.01,-48.19476318359375,cropping,500,500,0.008,0.532,0.002,0.0031152647975077885,0.020387359836901122,0.999944,,
3,M3,0.01,-48.19476318359375,cropping+jpeg,500,500,0.006,0.234,0.004,0.002042559297638913,0.017490563810893606,0.999944,,
3,M3,0.01,-48.19476318359375,jpeg+cropping,500,500,0.004,0.152,0.006,0.0010976075412372681,0.014466014041418871,0.999944,,
3,M3,0.01,-48.19476318359375,jpeg_q30,500,500,0.012,0.964,0.002,0.0055109199671753584,0.025930707718986326,0.999944,,
3,M3,0.01,-48.19476318359375,jpeg_q50,500,500,0.008,0.986,0.002,0.0031152647975077885,0.020387359836901122,0.999944,,
3,M3,0.01,-48.19476318359375,jpeg_q70,500,500,0.006,1.0,0.004,0.002042559297638913,0.017490563810893606,0.999944,,
3,M3,0.01,-48.19476318359375,jpeg_q90,500,500,0.018,1.0,0.007999999999999998,0.009498085051756854,0.03385204721203399,0.999944,,
3,M3,0.01,-48.19476318359375,noise+blurring+jpeg,500,500,0.004,0.948,0.006,0.0010976075412372681,0.014466014041418871,0.999944,,
3,M3,0.01,-48.19476318359375,noise_s001,500,500,0.016,1.0,0.006,0.008129155320203278,0.03125147541771118,0.999944,,
3,M3,0.01,-48.19476318359375,noise_s003,500,500,0.024,1.0,0.014,0.013781177149521824,0.04147745969189818,0.999944,,
3,M3,0.01,-48.19476318359375,noise_s005,500,500,0.022,1.0,0.011999999999999999,0.01232788016714588,0.03896125514839773,0.999944,,
3,M3,0.01,-48.19476318359375,noise_s008,500,500,0.022,0.986,0.011999999999999999,0.01232788016714588,0.03896125514839773,0.999944,,
3,M3,0.01,-48.19476318359375,none,500,500,0.014,1.0,0.004,0.006797703071787358,0.02861342614025071,0.999944,,
3,M3,0.01,-48.19476318359375,rotation,500,500,0.004,0.012,0.006,0.0010976075412372681,0.014466014041418871,0.999944,,
3,M3,0.01,-48.19476318359375,rotation+cropping+jpeg,500,500,0.002,0.004,0.008,0.000353127309584542,0.011240992747195207,0.999944,,
4,M1,0.05,-46.16457751083374,blurring,500,500,0.0,0.98,0.05,0.0,0.007624618530903363,0.999948,,
4,M1,0.05,-46.16457751083374,blurring+noise,500,500,0.0,0.93,0.05,0.0,0.007624618530903363,0.999948,,
4,M1,0.05,-46.16457751083374,cropping,500,500,0.0,0.124,0.05,0.0,0.007624618530903363,0.999948,,
4,M1,0.05,-46.16457751083374,cropping+jpeg,500,500,0.0,0.022,0.05,0.0,0.007624618530903363,0.999948,,
4,M1,0.05,-46.16457751083374,jpeg+cropping,500,500,0.0,0.008,0.05,0.0,0.007624618530903363,0.999948,,
4,M1,0.05,-46.16457751083374,jpeg_q30,500,500,0.004,0.842,0.046,0.0010976075412372681,0.014466014041418871,0.999948,,
4,M1,0.05,-46.16457751083374,jpeg_q50,500,500,0.0,0.906,0.05,0.0,0.007624618530903363,0.999948,,
4,M1,0.05,-46.16457751083374,jpeg_q70,500,500,0.0,0.974,0.05,0.0,0.007624618530903363,0.999948,,
4,M1,0.05,-46.16457751083374,jpeg_q90,500,500,0.0,0.988,0.05,0.0,0.007624618530903363,0.999948,,
4,M1,0.05,-46.16457751083374,noise+blurring+jpeg,500,500,0.0,0.78,0.05,0.0,0.007624618530903363,0.999948,,
4,M1,0.05,-46.16457751083374,noise_s001,500,500,0.0,0.982,0.05,0.0,0.007624618530903363,0.999948,,
4,M1,0.05,-46.16457751083374,noise_s003,500,500,0.0,0.976,0.05,0.0,0.007624618530903363,0.999948,,
4,M1,0.05,-46.16457751083374,noise_s005,500,500,0.0,0.95,0.05,0.0,0.007624618530903363,0.999948,,
4,M1,0.05,-46.16457751083374,noise_s008,500,500,0.0,0.816,0.05,0.0,0.007624618530903363,0.999948,,
4,M1,0.05,-46.16457751083374,none,500,500,0.0,0.98,0.05,0.0,0.007624618530903363,0.999948,,
4,M1,0.05,-46.16457751083374,rotation,500,500,0.0,0.0,0.05,0.0,0.007624618530903363,0.999948,,
4,M1,0.05,-46.16457751083374,rotation+cropping+jpeg,500,500,0.0,0.0,0.05,0.0,0.007624618530903363,0.999948,,
4,M2,0.05,-46.98226547241211,blurring,500,500,0.0,0.986,0.05,0.0,0.007624618530903363,0.999948,,
4,M2,0.05,-46.98226547241211,blurring+noise,500,500,0.0,0.968,0.05,0.0,0.007624618530903363,0.999948,,
4,M2,0.05,-46.98226547241211,cropping,500,500,0.0,0.256,0.05,0.0,0.007624618530903363,0.999948,,
4,M2,0.05,-46.98226547241211,cropping+jpeg,500,500,0.002,0.074,0.048,0.000353127309584542,0.011240992747195207,0.999948,,
4,M2,0.05,-46.98226547241211,jpeg+cropping,500,500,0.0,0.036,0.05,0.0,0.007624618530903363,0.999948,,
4,M2,0.05,-46.98226547241211,jpeg_q30,500,500,0.008,0.886,0.042,0.0031152647975077885,0.020387359836901122,0.999948,,
4,M2,0.05,-46.98226547241211,jpeg_q50,500,500,0.0,0.958,0.05,0.0,0.007624618530903363,0.999948,,
4,M2,0.05,-46.98226547241211,jpeg_q70,500,500,0.0,0.99,0.05,0.0,0.007624618530903363,0.999948,,
4,M2,0.05,-46.98226547241211,jpeg_q90,500,500,0.0,0.99,0.05,0.0,0.007624618530903363,0.999948,,
4,M2,0.05,-46.98226547241211,noise+blurring+jpeg,500,500,0.0,0.83,0.05,0.0,0.007624618530903363,0.999948,,
4,M2,0.05,-46.98226547241211,noise_s001,500,500,0.0,0.992,0.05,0.0,0.007624618530903363,0.999948,,
4,M2,0.05,-46.98226547241211,noise_s003,500,500,0.0,0.992,0.05,0.0,0.007624618530903363,0.999948,,
4,M2,0.05,-46.98226547241211,noise_s005,500,500,0.002,0.982,0.048,0.000353127309584542,0.011240992747195207,0.999948,,
4,M2,0.05,-46.98226547241211,noise_s008,500,500,0.006,0.896,0.044000000000000004,0.002042559297638913,0.017490563810893606,0.999948,,
4,M2,0.05,-46.98226547241211,none,500,500,0.0,0.992,0.05,0.0,0.007624618530903363,0.999948,,
4,M2,0.05,-46.98226547241211,rotation,500,500,0.0,0.0,0.05,0.0,0.007624618530903363,0.999948,,
4,M2,0.05,-46.98226547241211,rotation+cropping+jpeg,500,500,0.0,0.0,0.05,0.0,0.007624618530903363,0.999948,,
4,M3,0.05,-49.15279769897461,blurring,500,500,0.026,1.0,0.024000000000000004,0.0152562373229252,0.04397190104437119,0.999948,,
4,M3,0.05,-49.15279769897461,blurring+noise,500,500,0.068,0.998,0.018000000000000002,0.04906621332682857,0.09352145708387197,0.999948,,
4,M3,0.05,-49.15279769897461,cropping,500,500,0.034,0.658,0.016,0.02133433944461342,0.053771805026188516,0.999948,,
4,M3,0.05,-49.15279769897461,cropping+jpeg,500,500,0.018,0.412,0.032,0.009498085051756854,0.03385204721203399,0.999948,,
4,M3,0.05,-49.15279769897461,jpeg+cropping,500,500,0.018,0.31,0.032,0.009498085051756854,0.03385204721203399,0.999948,,
4,M3,0.05,-49.15279769897461,jpeg_q30,500,500,0.028,0.986,0.022000000000000002,0.01675081930862122,0.04644682058455155,0.999948,,
4,M3,0.05,-49.15279769897461,jpeg_q50,500,500,0.008,1.0,0.042,0.0031152647975077885,0.020387359836901122,0.999948,,
4,M3,0.05,-49.15279769897461,jpeg_q70,500,500,0.024,0.998,0.026000000000000002,0.013781177149521824,0.04147745969189818,0.999948,,
4,M3,0.05,-49.15279769897461,jpeg_q90,500,500,0.026,1.0,0.024000000000000004,0.0152562373229252,0.04397190104437119,0.999948,,
4,M3,0.05,-49.15279769897461,noise+blurring+jpeg,500,500,0.008,0.962,0.042,0.0031152647975077885,0.020387359836901122,0.999948,,
4,M3,0.05,-49.15279769897461,noise_s001,500,500,0.036,1.0,0.014000000000000005,0.022890872735181415,0.05618477326149691,0.999948,,
4,M3,0.05,-49.15279769897461,noise_s003,500,500,0.058,0.998,0.008,0.040683464783922846,0.08205669799739573,0.999948,,
4,M3,0.05,-49.15279769897461,noise_s005,500,500,0.062,0.998,0.011999999999999997,0.04401893261361028,0.08666023321946106,0.999948,,
4,M3,0.05,-49.15279769897461,noise_s008,500,500,0.052,0.994,0.001999999999999995,0.03573001990962654,0.07510163829406287,0.999948,,
4,M3,0.05,-49.15279769897461,none,500,500,0.03,1.0,0.020000000000000004,0.018263049234083534,0.04890409218496562,0.999948,,
4,M3,0.05,-49.15279769897461,rotation,500,500,0.0,0.026,0.05,0.0,0.007624618530903363,0.999948,,
4,M3,0.05,-49.15279769897461,rotation+cropping+jpeg,500,500,0.0,0.02,0.05,0.0,0.007624618530903363,0.999948,,
4,M1,0.1,-46.16457751083374,blurring,500,500,0.0,0.98,0.1,0.0,0.007624618530903363,0.999948,,
4,M1,0.1,-46.16457751083374,blurring+noise,500,500,0.0,0.93,0.1,0.0,0.007624618530903363,0.999948,,
4,M1,0.1,-46.16457751083374,cropping,500,500,0.0,0.124,0.1,0.0,0.007624618530903363,0.999948,,
4,M1,0.1,-46.16457751083374,cropping+jpeg,500,500,0.0,0.022,0.1,0.0,0.007624618530903363,0.999948,,
4,M1,0.1,-46.16457751083374,jpeg+cropping,500,500,0.0,0.008,0.1,0.0,0.007624618530903363,0.999948,,
4,M1,0.1,-46.16457751083374,jpeg_q30,500,500,0.004,0.842,0.096,0.0010976075412372681,0.014466014041418871,0.999948,,
4,M1,0.1,-46.16457751083374,jpeg_q50,500,500,0.0,0.906,0.1,0.0,0.007624618530903363,0.999948,,
4,M1,0.1,-46.16457751083374,jpeg_q70,500,500,0.0,0.974,0.1,0.0,0.007624618530903363,0.999948,,
4,M1,0.1,-46.16457751083374,jpeg_q90,500,500,0.0,0.988,0.1,0.0,0.007624618530903363,0.999948,,
4,M1,0.1,-46.16457751083374,noise+blurring+jpeg,500,500,0.0,0.78,0.1,0.0,0.007624618530903363,0.999948,,
4,M1,0.1,-46.16457751083374,noise_s001,500,500,0.0,0.982,0.1,0.0,0.007624618530903363,0.999948,,
4,M1,0.1,-46.16457751083374,noise_s003,500,500,0.0,0.976,0.1,0.0,0.007624618530903363,0.999948,,
4,M1,0.1,-46.16457751083374,noise_s005,500,500,0.0,0.95,0.1,0.0,0.007624618530903363,0.999948,,
4,M1,0.1,-46.16457751083374,noise_s008,500,500,0.0,0.816,0.1,0.0,0.007624618530903363,0.999948,,
4,M1,0.1,-46.16457751083374,none,500,500,0.0,0.98,0.1,0.0,0.007624618530903363,0.999948,,
4,M1,0.1,-46.16457751083374,rotation,500,500,0.0,0.0,0.1,0.0,0.007624618530903363,0.999948,,
4,M1,0.1,-46.16457751083374,rotation+cropping+jpeg,500,500,0.0,0.0,0.1,0.0,0.007624618530903363,0.999948,,
4,M2,0.1,-46.98226547241211,blurring,500,500,0.0,0.986,0.1,0.0,0.007624618530903363,0.999948,,
4,M2,0.1,-46.98226547241211,blurring+noise,500,500,0.0,0.968,0.1,0.0,0.007624618530903363,0.999948,,
4,M2,0.1,-46.98226547241211,cropping,500,500,0.0,0.256,0.1,0.0,0.007624618530903363,0.999948,,
4,M2,0.1,-46.98226547241211,cropping+jpeg,500,500,0.002,0.074,0.098,0.000353127309584542,0.011240992747195207,0.999948,,
4,M2,0.1,-46.98226547241211,jpeg+cropping,500,500,0.0,0.036,0.1,0.0,0.007624618530903363,0.999948,,
4,M2,0.1,-46.98226547241211,jpeg_q30,500,500,0.008,0.886,0.092,0.0031152647975077885,0.020387359836901122,0.999948,,
4,M2,0.1,-46.98226547241211,jpeg_q50,500,500,0.0,0.958,0.1,0.0,0.007624618530903363,0.999948,,
4,M2,0.1,-46.98226547241211,jpeg_q70,500,500,0.0,0.99,0.1,0.0,0.007624618530903363,0.999948,,
4,M2,0.1,-46.98226547241211,jpeg_q90,500,500,0.0,0.99,0.1,0.0,0.007624618530903363,0.999948,,
4,M2,0.1,-46.98226547241211,noise+blurring+jpeg,500,500,0.0,0.83,0.1,0.0,0.007624618530903363,0.999948,,
4,M2,0.1,-46.98226547241211,noise_s001,500,500,0.0,0.992,0.1,0.0,0.007624618530903363,0.999948,,
4,M2,0.1,-46.98226547241211,noise_s003,500,500,0.0,0.992,0.1,0.0,0.007624618530903363,0.999948,,
4,M2,0.1,-46.98226547241211,noise_s005,500,500,0.002,0.982,0.098,0.000353127309584542,0.011240992747195207,0.999948,,
4,M2,0.1,-46.98226547241211,noise_s008,500,500,0.006,0.896,0.094,0.002042559297638913,0.017490563810893606,0.999948,,
4,M2,0.1,-46.98226547241211,none,500,500,0.0,0.992,0.1,0.0,0.007624618530903363,0.999948,,
4,M2,0.1,-46.98226547241211,rotation,500,500,0.0,0.0,0.1,0.0,0.007624618530903363,0.999948,,
4,M2,0.1,-46.98226547241211,rotation+cropping+jpeg,500,500,0.0,0.0,0.1,0.0,0.007624618530903363,0.999948,,
4,M3,0.1,-50.0360107421875,blurring,500,500,0.052,1.0,0.04800000000000001,0.03573001990962654,0.07510163829406287,0.999948,,
4,M3,0.1,-50.0360107421875,blurring+noise,500,500,0.104,1.0,0.00399999999999999,0.08019382152134363,0.13384487635513181,0.999948,,
4,M3,0.1,-50.0360107421875,cropping,500,500,0.058,0.786,0.042,0.040683464783922846,0.08205669799739573,0.999948,,
4,M3,0.1,-50.0360107421875,cropping+jpeg,500,500,0.044,0.616,0.05600000000000001,0.029233737680341678,0.06571991441984218,0.999948,,
4,M3,0.1,-50.0360107421875,jpeg+cropping,500,500,0.03,0.524,0.07,0.018263049234083534,0.04890409218496562,0.999948,,
4,M3,0.1,-50.0360107421875,jpeg_q30,500,500,0.042,0.996,0.058,0.027632099334746148,0.06335205123956134,0.999948,,
4,M3,0.1,-50.0360107421875,jpeg_q50,500,500,0.042,1.0,0.058,0.027632099334746148,0.06335205123956134,0.999948,,
4,M3,0.1,-50.0360107421875,jpeg_q70,500,500,0.052,1.0,0.04800000000000001,0.03573001990962654,0.07510163829406287,0.999948,,
4,M3,0.1,-50.0360107421875,jpeg_q90,500,500,0.06,1.0,0.04000000000000001,0.042348086000950205,0.08436157830624476,0.999948,,
4,M3,0.1,-50.0360107421875,noise+blurring+jpeg,500,500,0.022,0.986,0.07800000000000001,0.01232788016714588,0.03896125514839773,0.999948,,
4,M3,0.1,-50.0360107421875,noise_s001,500,500,0.064,1.0,0.036000000000000004,0.045695733565557124,0.08895293379339062,0.999948,,
4,M3,0.1,-50.0360107421875,noise_s003,500,500,0.092,1.0,0.008000000000000007,0.0696823665014548,0.12053932221976234,0.999948,,
4,M3,0.1,-50.0360107421875,noise_s005,500,500,0.102,1.0,0.001999999999999988,0.07843397139617729,0.1316352249544218,0.999948,,
4,M3,0.1,-50.0360107421875,noise_s008,500,500,0.102,0.998,0.001999999999999988,0.07843397139617729,0.1316352249544218,0.999948,,
4,M3,0.1,-50.0360107421875,none,500,500,0.064,1.0,0.036000000000000004,0.045695733565557124,0.08895293379339062,0.999948,,
4,M3,0.1,-50.0360107421875,rotation,500,500,0.0,0.082,0.1,0.0,0.007624618530903363,0.999948,,
4,M3,0.1,-50.0360107421875,rotation+cropping+jpeg,500,500,0.006,0.07,0.094,0.002042559297638913,0.017490563810893606,0.999948,,
4,M1,0.01,-46.16457751083374,blurring,500,500,0.0,0.98,0.01,0.0,0.007624618530903363,0.999948,,
4,M1,0.01,-46.16457751083374,blurring+noise,500,500,0.0,0.93,0.01,0.0,0.007624618530903363,0.999948,,
4,M1,0.01,-46.16457751083374,cropping,500,500,0.0,0.124,0.01,0.0,0.007624618530903363,0.999948,,
4,M1,0.01,-46.16457751083374,cropping+jpeg,500,500,0.0,0.022,0.01,0.0,0.007624618530903363,0.999948,,
4,M1,0.01,-46.16457751083374,jpeg+cropping,500,500,0.0,0.008,0.01,0.0,0.007624618530903363,0.999948,,
4,M1,0.01,-46.16457751083374,jpeg_q30,500,500,0.004,0.842,0.006,0.0010976075412372681,0.014466014041418871,0.999948,,
4,M1,0.01,-46.16457751083374,jpeg_q50,500,500,0.0,0.906,0.01,0.0,0.007624618530903363,0.999948,,
4,M1,0.01,-46.16457751083374,jpeg_q70,500,500,0.0,0.974,0.01,0.0,0.007624618530903363,0.999948,,
4,M1,0.01,-46.16457751083374,jpeg_q90,500,500,0.0,0.988,0.01,0.0,0.007624618530903363,0.999948,,
4,M1,0.01,-46.16457751083374,noise+blurring+jpeg,500,500,0.0,0.78,0.01,0.0,0.007624618530903363,0.999948,,
4,M1,0.01,-46.16457751083374,noise_s001,500,500,0.0,0.982,0.01,0.0,0.007624618530903363,0.999948,,
4,M1,0.01,-46.16457751083374,noise_s003,500,500,0.0,0.976,0.01,0.0,0.007624618530903363,0.999948,,
4,M1,0.01,-46.16457751083374,noise_s005,500,500,0.0,0.95,0.01,0.0,0.007624618530903363,0.999948,,
4,M1,0.01,-46.16457751083374,noise_s008,500,500,0.0,0.816,0.01,0.0,0.007624618530903363,0.999948,,
4,M1,0.01,-46.16457751083374,none,500,500,0.0,0.98,0.01,0.0,0.007624618530903363,0.999948,,
4,M1,0.01,-46.16457751083374,rotation,500,500,0.0,0.0,0.01,0.0,0.007624618530903363,0.999948,,
4,M1,0.01,-46.16457751083374,rotation+cropping+jpeg,500,500,0.0,0.0,0.01,0.0,0.007624618530903363,0.999948,,
4,M2,0.01,-46.98226547241211,blurring,500,500,0.0,0.986,0.01,0.0,0.007624618530903363,0.999948,,
4,M2,0.01,-46.98226547241211,blurring+noise,500,500,0.0,0.968,0.01,0.0,0.007624618530903363,0.999948,,
4,M2,0.01,-46.98226547241211,cropping,500,500,0.0,0.256,0.01,0.0,0.007624618530903363,0.999948,,
4,M2,0.01,-46.98226547241211,cropping+jpeg,500,500,0.002,0.074,0.008,0.000353127309584542,0.011240992747195207,0.999948,,
4,M2,0.01,-46.98226547241211,jpeg+cropping,500,500,0.0,0.036,0.01,0.0,0.007624618530903363,0.999948,,
4,M2,0.01,-46.98226547241211,jpeg_q30,500,500,0.008,0.886,0.002,0.0031152647975077885,0.020387359836901122,0.999948,,
4,M2,0.01,-46.98226547241211,jpeg_q50,500,500,0.0,0.958,0.01,0.0,0.007624618530903363,0.999948,,
4,M2,0.01,-46.98226547241211,jpeg_q70,500,500,0.0,0.99,0.01,0.0,0.007624618530903363,0.999948,,
4,M2,0.01,-46.98226547241211,jpeg_q90,500,500,0.0,0.99,0.01,0.0,0.007624618530903363,0.999948,,
4,M2,0.01,-46.98226547241211,noise+blurring+jpeg,500,500,0.0,0.83,0.01,0.0,0.007624618530903363,0.999948,,
4,M2,0.01,-46.98226547241211,noise_s001,500,500,0.0,0.992,0.01,0.0,0.007624618530903363,0.999948,,
4,M2,0.01,-46.98226547241211,noise_s003,500,500,0.0,0.992,0.01,0.0,0.007624618530903363,0.999948,,
4,M2,0.01,-46.98226547241211,noise_s005,500,500,0.002,0.982,0.008,0.000353127309584542,0.011240992747195207,0.999948,,
4,M2,0.01,-46.98226547241211,noise_s008,500,500,0.006,0.896,0.004,0.002042559297638913,0.017490563810893606,0.999948,,
4,M2,0.01,-46.98226547241211,none,500,500,0.0,0.992,0.01,0.0,0.007624618530903363,0.999948,,
4,M2,0.01,-46.98226547241211,rotation,500,500,0.0,0.0,0.01,0.0,0.007624618530903363,0.999948,,
4,M2,0.01,-46.98226547241211,rotation+cropping+jpeg,500,500,0.0,0.0,0.01,0.0,0.007624618530903363,0.999948,,
4,M3,0.01,-47.4436149597168,blurring,500,500,0.0,0.992,0.01,0.0,0.007624618530903363,0.999948,,
4,M3,0.01,-47.4436149597168,blurring+noise,500,500,0.004,0.978,0.006,0.0010976075412372681,0.014466014041418871,0.999948,,
4,M3,0.01,-47.4436149597168,cropping,500,500,0.004,0.308,0.006,0.0010976075412372681,0.014466014041418871,0.999948,,
4,M3,0.01,-47.4436149597168,cropping+jpeg,500,500,0.004,0.122,0.006,0.0010976075412372681,0.014466014041418871,0.999948,,
4,M3,0.01,-47.4436149597168,jpeg+cropping,500,500,0.0,0.066,0.01,0.0,0.007624618530903363,0.999948,,
4,M3,0.01,-47.4436149597168,jpeg_q30,500,500,0.008,0.908,0.002,0.0031152647975077885,0.020387359836901122,0.999948,,
4,M3,0.01,-47.4436149597168,jpeg_q50,500,500,0.0,0.976,0.01,0.0,0.007624618530903363,0.999948,,
4,M3,0.01,-47.4436149597168,jpeg_q70,500,500,0.002,0.99,0.008,0.000353127309584542,0.011240992747195207,0.999948,,
4,M3,0.01,-47.4436149597168,jpeg_q90,500,500,0.002,0.996,0.008,0.000353127309584542,0.011240992747195207,0.999948,,
4,M3,0.01,-47.4436149597168,noise+blurring+jpeg,500,500,0.0,0.876,0.01,0.0,0.007624618530903363,0.999948,,
4,M3,0.01,-47.4436149597168,noise_s001,500,500,0.0,0.992,0.01,0.0,0.007624618530903363,0.999948,,
4,M3,0.01,-47.4436149597168,noise_s003,500,500,0.004,0.998,0.006,0.0010976075412372681,0.014466014041418871,0.999948,,
4,M3,0.01,-47.4436149597168,noise_s005,500,500,0.01,0.994,0.0,0.004278690781520357,0.023193435378764938,0.999948,,
4,M3,0.01,-47.4436149597168,noise_s008,500,500,0.012,0.938,0.002,0.0055109199671753584,0.025930707718986326,0.999948,,
4,M3,0.01,-47.4436149597168,none,500,500,0.002,0.994,0.008,0.000353127309584542,0.011240992747195207,0.999948,,
4,M3,0.01,-47.4436149597168,rotation,500,500,0.0,0.0,0.01,0.0,0.007624618530903363,0.999948,,
4,M3,0.01,-47.4436149597168,rotation+cropping+jpeg,500,500,0.0,0.004,0.01,0.0,0.007624618530903363,0.999948,,
all,M1,0.01,,blurring,2500,2500,0.0012000000000000001,0.982,0.008799999999999999,,,0.9998408,0.0010954451150103322,0.0050990195135928
all,M1,0.01,,blurring+noise,2500,2500,0.0,0.932,0.01,,,0.9998408,0.0,0.013490737563231991
all,M1,0.01,,cropping,2500,2500,0.0008,0.1136,0.0092,,,0.9998408,0.0010954451150103322,0.012116104984688765
all,M1,0.01,,cropping+jpeg,2500,2500,0.0008,0.0268,0.0092,,,0.9998408,0.0010954451150103322,0.0075630681604756155
all,M1,0.01,,jpeg+cropping,2500,2500,0.0008,0.0112,0.0092,,,0.9998408,0.0010954451150103322,0.0026832815729997475
all,M1,0.01,,jpeg_q30,2500,2500,0.0032,0.842,0.0068000000000000005,,,0.9998408,0.0017888543819998318,0.019287301521985926
all,M1,0.01,,jpeg_q50,2500,2500,0.0016,0.9103999999999999,0.008400000000000001,,,0.9998408,0.001673320053068151,0.01614930339054904
all,M1,0.01,,jpeg_q70,2500,2500,0.0004,0.9747999999999999,0.009600000000000001,,,0.9998408,0.0008944271909999159,0.005403702434442518
all,M1,0.01,,jpeg_q90,2500,2500,0.0008,0.9856,0.0092,,,0.9998408,0.0010954451150103322,0.003577708763999662
all,M1,0.01,,noise+blurring+jpeg,2500,2500,0.0,0.7796000000000001,0.01,,,0.9998408,0.0,0.022333830840229746
all,M1,0.01,,noise_s001,2500,2500,0.0,0.9832000000000001,0.01,,,0.9998408,0.0,0.006260990336999405
all,M1,0.01,,noise_s003,2500,2500,0.0,0.9724,0.01,,,0.9998408,0.0,0.008876936408468847
all,M1,0.01,,noise_s005,2500,2500,0.0004,0.944,0.009600000000000001,,,0.9998408,0.0008944271909999159,0.006633249580710791
all,M1,0.01,,noise_s008,2500,2500,0.0008,0.8331999999999999,0.0092,,,0.9998408,0.0010954451150103322,0.016346253393362056
all,M1,0.01,,none,2500,2500,0.0008,0.9843999999999999,0.0092,,,0.9998408,0.0010954451150103322,0.0038470768123342815
all,M1,0.01,,rotation,2500,2500,0.0,0.0004,0.01,,,0.9998408,0.0,0.0008944271909999159
all,M1,0.01,,rotation+cropping+jpeg,2500,2500,0.0004,0.0004,0.009600000000000001,,,0.9998408,0.0008944271909999159,0.0008944271909999159
all,M1,0.05,,blurring,2500,2500,0.0012000000000000001,0.982,0.048799999999999996,,,0.9998408,0.0010954451150103322,0.0050990195135928
all,M1,0.05,,blurring+noise,2500,2500,0.0,0.932,0.05,,,0.9998408,0.0,0.013490737563231991
all,M1,0.05,,cropping,2500,2500,0.0008,0.1136,0.0492,,,0.9998408,0.0010954451150103322,0.012116104984688765
all,M1,0.05,,cropping+jpeg,2500,2500,0.0008,0.0268,0.0492,,,0.9998408,0.0010954451150103322,0.0075630681604756155
all,M1,0.05,,jpeg+cropping,2500,2500,0.0008,0.0112,0.0492,,,0.9998408,0.0010954451150103322,0.0026832815729997475
all,M1,0.05,,jpeg_q30,2500,2500,0.0032,0.842,0.0468,,,0.9998408,0.0017888543819998318,0.019287301521985926
all,M1,0.05,,jpeg_q50,2500,2500,0.0016,0.9103999999999999,0.0484,,,0.9998408,0.001673320053068151,0.01614930339054904
all,M1,0.05,,jpeg_q70,2500,2500,0.0004,0.9747999999999999,0.0496,,,0.9998408,0.0008944271909999159,0.005403702434442518
all,M1,0.05,,jpeg_q90,2500,2500,0.0008,0.9856,0.0492,,,0.9998408,0.0010954451150103322,0.003577708763999662
all,M1,0.05,,noise+blurring+jpeg,2500,2500,0.0,0.7796000000000001,0.05,,,0.9998408,0.0,0.022333830840229746
all,M1,0.05,,noise_s001,2500,2500,0.0,0.9832000000000001,0.05,,,0.9998408,0.0,0.006260990336999405
all,M1,0.05,,noise_s003,2500,2500,0.0,0.9724,0.05,,,0.9998408,0.0,0.008876936408468847
all,M1,0.05,,noise_s005,2500,2500,0.0004,0.944,0.0496,,,0.9998408,0.0008944271909999159,0.006633249580710791
all,M1,0.05,,noise_s008,2500,2500,0.0008,0.8331999999999999,0.0492,,,0.9998408,0.0010954451150103322,0.016346253393362056
all,M1,0.05,,none,2500,2500,0.0008,0.9843999999999999,0.0492,,,0.9998408,0.0010954451150103322,0.0038470768123342815
all,M1,0.05,,rotation,2500,2500,0.0,0.0004,0.05,,,0.9998408,0.0,0.0008944271909999159
all,M1,0.05,,rotation+cropping+jpeg,2500,2500,0.0004,0.0004,0.0496,,,0.9998408,0.0008944271909999159,0.0008944271909999159
all,M1,0.1,,blurring,2500,2500,0.0012000000000000001,0.982,0.0988,,,0.9998408,0.0010954451150103322,0.0050990195135928
all,M1,0.1,,blurring+noise,2500,2500,0.0,0.932,0.1,,,0.9998408,0.0,0.013490737563231991
all,M1,0.1,,cropping,2500,2500,0.0008,0.1136,0.0992,,,0.9998408,0.0010954451150103322,0.012116104984688765
all,M1,0.1,,cropping+jpeg,2500,2500,0.0008,0.0268,0.0992,,,0.9998408,0.0010954451150103322,0.0075630681604756155
all,M1,0.1,,jpeg+cropping,2500,2500,0.0008,0.0112,0.0992,,,0.9998408,0.0010954451150103322,0.0026832815729997475
all,M1,0.1,,jpeg_q30,2500,2500,0.0032,0.842,0.0968,,,0.9998408,0.0017888543819998318,0.019287301521985926
all,M1,0.1,,jpeg_q50,2500,2500,0.0016,0.9103999999999999,0.0984,,,0.9998408,0.001673320053068151,0.01614930339054904
all,M1,0.1,,jpeg_q70,2500,2500,0.0004,0.9747999999999999,0.0996,,,0.9998408,0.0008944271909999159,0.005403702434442518
all,M1,0.1,,jpeg_q90,2500,2500,0.0008,0.9856,0.0992,,,0.9998408,0.0010954451150103322,0.003577708763999662
all,M1,0.1,,noise+blurring+jpeg,2500,2500,0.0,0.7796000000000001,0.1,,,0.9998408,0.0,0.022333830840229746
all,M1,0.1,,noise_s001,2500,2500,0.0,0.9832000000000001,0.1,,,0.9998408,0.0,0.006260990336999405
all,M1,0.1,,noise_s003,2500,2500,0.0,0.9724,0.1,,,0.9998408,0.0,0.008876936408468847
all,M1,0.1,,noise_s005,2500,2500,0.0004,0.944,0.0996,,,0.9998408,0.0008944271909999159,0.006633249580710791
all,M1,0.1,,noise_s008,2500,2500,0.0008,0.8331999999999999,0.0992,,,0.9998408,0.0010954451150103322,0.016346253393362056
all,M1,0.1,,none,2500,2500,0.0008,0.9843999999999999,0.0992,,,0.9998408,0.0010954451150103322,0.0038470768123342815
all,M1,0.1,,rotation,2500,2500,0.0,0.0004,0.1,,,0.9998408,0.0,0.0008944271909999159
all,M1,0.1,,rotation+cropping+jpeg,2500,2500,0.0004,0.0004,0.0996,,,0.9998408,0.0008944271909999159,0.0008944271909999159
all,M2,0.01,,blurring,2500,2500,0.0028,0.9884000000000001,0.007200000000000001,,,0.9998408,0.0033466401061363026,0.003577708763999666
all,M2,0.01,,blurring+noise,2500,2500,0.0024000000000000002,0.9655999999999999,0.0076,,,0.9998408,0.003286335345030997,0.009736529155710475
all,M2,0.01,,cropping,2500,2500,0.0008,0.21080000000000002,0.0092,,,0.9998408,0.0010954451150103322,0.04362568051045165
all,M2,0.01,,cropping+jpeg,2500,2500,0.002,0.0608,0.008,,,0.9998408,0.001414213562373095,0.016887865466067638
all,M2,0.01,,jpeg+cropping,2500,2500,0.0016,0.033999999999999996,0.008400000000000001,,,0.9998408,0.001673320053068151,0.011045361017187259
all,M2,0.01,,jpeg_q30,2500,2500,0.006,0.8912000000000001,0.004,,,0.9998408,0.00316227766016838,0.014737706741552427
all,M2,0.01,,jpeg_q50,2500,2500,0.0016,0.9456,0.008400000000000001,,,0.9998408,0.001673320053068151,0.017515707236649025
all,M2,0.01,,jpeg_q70,2500,2500,0.0004,0.9864,0.009600000000000001,,,0.9998408,0.0008944271909999159,0.00536656314599948
all,M2,0.01,,jpeg_q90,2500,2500,0.0032,0.9904,0.0068000000000000005,,,0.9998408,0.0041472882706655445,0.0029664793948382838
all,M2,0.01,,noise+blurring+jpeg,2500,2500,0.0,0.834,0.01,,,0.9998408,0.0,0.027892651361962655
all,M2,0.01,,noise_s001,2500,2500,0.0008,0.9896,0.0092,,,0.9998408,0.0010954451150103322,0.004774934554525318
all,M2,0.01,,noise_s003,2500,2500,0.0012000000000000001,0.9864,0.008799999999999999,,,0.9998408,0.0010954451150103322,0.007924645102463594
all,M2,0.01,,noise_s005,2500,2500,0.0028,0.9704,0.007200000000000001,,,0.9998408,0.00303315017762062,0.012837445228705013
all,M2,0.01,,noise_s008,2500,2500,0.0032,0.8924,0.0068000000000000005,,,0.9998408,0.002683281572999748,0.020755722102591367
all,M2,0.01,,none,2500,2500,0.0024000000000000002,0.9911999999999999,0.0076,,,0.9998408,0.0035777087639996636,0.0017888543819998273
all,M2,0.01,,rotation,2500,2500,0.0004,0.0008,0.009600000000000001,,,0.9998408,0.0008944271909999159,0.0010954451150103322
all,M2,0.01,,rotation+cropping+jpeg,2500,2500,0.0008,0.0012000000000000001,0.0092,,,0.9998408,0.0010954451150103322,0.0010954451150103322
all,M2,0.05,,blurring,2500,2500,0.0028,0.9884000000000001,0.047200000000000006,,,0.9998408,0.0033466401061363026,0.003577708763999666
all,M2,0.05,,blurring+noise,2500,2500,0.0024000000000000002,0.9655999999999999,0.0476,,,0.9998408,0.003286335345030997,0.009736529155710475
all,M2,0.05,,cropping,2500,2500,0.0008,0.21080000000000002,0.0492,,,0.9998408,0.0010954451150103322,0.04362568051045165
all,M2,0.05,,cropping+jpeg,2500,2500,0.002,0.0608,0.048,,,0.9998408,0.001414213562373095,0.016887865466067638
all,M2,0.05,,jpeg+cropping,2500,2500,0.0016,0.033999999999999996,0.0484,,,0.9998408,0.001673320053068151,0.011045361017187259
all,M2,0.05,,jpeg_q30,2500,2500,0.006,0.8912000000000001,0.044,,,0.9998408,0.00316227766016838,0.014737706741552427
all,M2,0.05,,jpeg_q50,2500,2500,0.0016,0.9456,0.0484,,,0.9998408,0.001673320053068151,0.017515707236649025
all,M2,0.05,,jpeg_q70,2500,2500,0.0004,0.9864,0.0496,,,0.9998408,0.0008944271909999159,0.00536656314599948
all,M2,0.05,,jpeg_q90,2500,2500,0.0032,0.9904,0.0468,,,0.9998408,0.0041472882706655445,0.0029664793948382838
all,M2,0.05,,noise+blurring+jpeg,2500,2500,0.0,0.834,0.05,,,0.9998408,0.0,0.027892651361962655
all,M2,0.05,,noise_s001,2500,2500,0.0008,0.9896,0.0492,,,0.9998408,0.0010954451150103322,0.004774934554525318
all,M2,0.05,,noise_s003,2500,2500,0.0012000000000000001,0.9864,0.048799999999999996,,,0.9998408,0.0010954451150103322,0.007924645102463594
all,M2,0.05,,noise_s005,2500,2500,0.0028,0.9704,0.047200000000000006,,,0.9998408,0.00303315017762062,0.012837445228705013
all,M2,0.05,,noise_s008,2500,2500,0.0032,0.8924,0.0468,,,0.9998408,0.002683281572999748,0.020755722102591367
all,M2,0.05,,none,2500,2500,0.0024000000000000002,0.9911999999999999,0.0476,,,0.9998408,0.0035777087639996636,0.0017888543819998273
all,M2,0.05,,rotation,2500,2500,0.0004,0.0008,0.0496,,,0.9998408,0.0008944271909999159,0.0010954451150103322
all,M2,0.05,,rotation+cropping+jpeg,2500,2500,0.0008,0.0012000000000000001,0.0492,,,0.9998408,0.0010954451150103322,0.0010954451150103322
all,M2,0.1,,blurring,2500,2500,0.0028,0.9884000000000001,0.0972,,,0.9998408,0.0033466401061363026,0.003577708763999666
all,M2,0.1,,blurring+noise,2500,2500,0.0024000000000000002,0.9655999999999999,0.09759999999999999,,,0.9998408,0.003286335345030997,0.009736529155710475
all,M2,0.1,,cropping,2500,2500,0.0008,0.21080000000000002,0.0992,,,0.9998408,0.0010954451150103322,0.04362568051045165
all,M2,0.1,,cropping+jpeg,2500,2500,0.002,0.0608,0.098,,,0.9998408,0.001414213562373095,0.016887865466067638
all,M2,0.1,,jpeg+cropping,2500,2500,0.0016,0.033999999999999996,0.0984,,,0.9998408,0.001673320053068151,0.011045361017187259
all,M2,0.1,,jpeg_q30,2500,2500,0.006,0.8912000000000001,0.094,,,0.9998408,0.00316227766016838,0.014737706741552427
all,M2,0.1,,jpeg_q50,2500,2500,0.0016,0.9456,0.0984,,,0.9998408,0.001673320053068151,0.017515707236649025
all,M2,0.1,,jpeg_q70,2500,2500,0.0004,0.9864,0.0996,,,0.9998408,0.0008944271909999159,0.00536656314599948
all,M2,0.1,,jpeg_q90,2500,2500,0.0032,0.9904,0.09680000000000001,,,0.9998408,0.0041472882706655445,0.0029664793948382838
all,M2,0.1,,noise+blurring+jpeg,2500,2500,0.0,0.834,0.1,,,0.9998408,0.0,0.027892651361962655
all,M2,0.1,,noise_s001,2500,2500,0.0008,0.9896,0.0992,,,0.9998408,0.0010954451150103322,0.004774934554525318
all,M2,0.1,,noise_s003,2500,2500,0.0012000000000000001,0.9864,0.0988,,,0.9998408,0.0010954451150103322,0.007924645102463594
all,M2,0.1,,noise_s005,2500,2500,0.0028,0.9704,0.0972,,,0.9998408,0.00303315017762062,0.012837445228705013
all,M2,0.1,,noise_s008,2500,2500,0.0032,0.8924,0.0968,,,0.9998408,0.002683281572999748,0.020755722102591367
all,M2,0.1,,none,2500,2500,0.0024000000000000002,0.9911999999999999,0.09759999999999999,,,0.9998408,0.0035777087639996636,0.0017888543819998273
all,M2,0.1,,rotation,2500,2500,0.0004,0.0008,0.0996,,,0.9998408,0.0008944271909999159,0.0010954451150103322
all,M2,0.1,,rotation+cropping+jpeg,2500,2500,0.0008,0.0012000000000000001,0.0992,,,0.9998408,0.0010954451150103322,0.0010954451150103322
all,M3,0.01,,blurring,2500,2500,0.0084,0.994,0.0072,,,0.9998408,0.00817312669668102,0.0024494897427831965
all,M3,0.01,,blurring+noise,2500,2500,0.0156,0.984,0.008799999999999999,,,0.9998408,0.01283744522870497,0.006928203230275509
all,M3,0.01,,cropping,2500,2500,0.0064,0.37320000000000003,0.006,,,0.9998408,0.00606630035524124,0.10899174280650807
all,M3,0.01,,cropping+jpeg,2500,2500,0.0056,0.1544,0.004399999999999999,,,0.9998408,0.0026076809620810596,0.06731121749010338
all,M3,0.01,,jpeg+cropping,2500,2500,0.0028,0.096,0.007200000000000001,,,0.9998408,0.002280350850198276,0.052744667976962374
all,M3,0.01,,jpeg_q30,2500,2500,0.010400000000000001,0.9359999999999999,0.0028,,,0.9998408,0.0032863353450309973,0.024207436873820348
all,M3,0.01,,jpeg_q50,2500,2500,0.004,0.9732,0.006,,,0.9998408,0.004,0.01487279395406259
all,M3,0.01,,jpeg_q70,2500,2500,0.0032,0.994,0.0068000000000000005,,,0.9998408,0.0036331804249169902,0.004000000000000007
all,M3,0.01,,jpeg_q90,2500,2500,0.008,0.9960000000000001,0.0068000000000000005,,,0.9998408,0.007745966692414834,0.002449489742783175
all,M3,0.01,,noise+blurring+jpeg,2500,2500,0.0008,0.8948,0.0092,,,0.9998408,0.0017888543819998318,0.037459311259018094
all,M3,0.01,,noise_s001,2500,2500,0.0064,0.9960000000000001,0.0068000000000000005,,,0.9998408,0.0072663608498339805,0.0028284271247461927
all,M3,0.01,,noise_s003,2500,2500,0.0132,0.9952,0.0072,,,0.9998408,0.009230384607371462,0.0064187226143524794
all,M3,0.01,,noise_s005,2500,2500,0.0132,0.9888,0.0072,,,0.9998408,0.00923038460737146,0.009230384607371495
all,M3,0.01,,noise_s008,2500,2500,0.0128,0.9488,0.0084,,,0.9998408,0.010059821071967434,0.02480322559668396
all,M3,0.01,,none,2500,2500,0.006,0.9968,0.0064,,,0.9998408,0.006480740698407861,0.0022803508501982777
all,M3,0.01,,rotation,2500,2500,0.0008,0.004399999999999999,0.0092,,,0.9998408,0.0017888543819998318,0.00606630035524124
all,M3,0.01,,rotation+cropping+jpeg,2500,2500,0.0012000000000000001,0.0036000000000000003,0.008799999999999999,,,0.9998408,0.0010954451150103322,0.002966479394838265
all,M3,0.05,,blurring,2500,2500,0.033600000000000005,0.9987999999999999,0.016400000000000005,,,0.9998408,0.006542170893518452,0.0017888543819998552
all,M3,0.05,,blurring+noise,2500,2500,0.06760000000000001,0.9975999999999999,0.017599999999999998,,,0.9998408,0.0043358966777357595,0.002190890230020675
all,M3,0.05,,cropping,2500,2500,0.033600000000000005,0.67,0.016400000000000005,,,0.9998408,0.0040987803063838426,0.02619160170741758
all,M3,0.05,,cropping+jpeg,2500,2500,0.0236,0.4248,0.0264,,,0.9998408,0.007127411872482186,0.01962651268055537
all,M3,0.05,,jpeg+cropping,2500,2500,0.014799999999999999,0.3228,0.0352,,,0.9998408,0.0030331501776206197,0.024681977230359795
all,M3,0.05,,jpeg_q30,2500,2500,0.0288,0.9879999999999999,0.021200000000000004,,,0.9998408,0.002280350850198276,0.0034641016151377413
all,M3,0.05,,jpeg_q50,2500,2500,0.0156,0.9955999999999999,0.0344,,,0.9998408,0.005176871642217913,0.0026076809620810427
all,M3,0.05,,jpeg_q70,2500,2500,0.0268,0.998,0.023200000000000005,,,0.9998408,0.006723094525588644,0.001414213562373106
all,M3,0.05,,jpeg_q90,2500,2500,0.0344,0.9996,0.015600000000000003,,,0.9998408,0.006693280212272606,0.0008944271909999374
all,M3,0.05,,noise+blurring+jpeg,2500,2500,0.0108,0.9676,0.0392,,,0.9998408,0.0033466401061363034,0.014380542409798067
all,M3,0.05,,noise_s001,2500,2500,0.0376,0.9996,0.012400000000000003,,,0.9998408,0.006387487769068527,0.0008944271909999374
all,M3,0.05,,noise_s003,2500,2500,0.053200000000000004,0.9992000000000001,0.004799999999999999,,,0.9998408,0.005585696017507576,0.0010954451150103324
all,M3,0.05,,noise_s005,2500,2500,0.0632,0.9984,0.0132,,,0.9998408,0.005761944116355176,0.0016733200530681576
all,M3,0.05,,noise_s008,2500,2500,0.0608,0.9948,0.010799999999999999,,,0.9998408,0.008197560612767682,0.003346640106136306
all,M3,0.05,,none,2500,2500,0.036,0.9992000000000001,0.014000000000000002,,,0.9998408,0.004898979485566356,0.0017888543819998273
all,M3,0.05,,rotation,2500,2500,0.002,0.0356,0.048,,,0.9998408,0.002,0.013221195104830727
all,M3,0.05,,rotation+cropping+jpeg,2500,2500,0.008799999999999999,0.0248,0.0412,,,0.9998408,0.005403702434442518,0.010545141061171255
all,M3,0.1,,blurring,2500,2500,0.072,0.9992000000000001,0.028000000000000004,,,0.9998408,0.012247448713915896,0.0010954451150103231
all,M3,0.1,,blurring+noise,2500,2500,0.13240000000000002,1.0,0.0324,,,0.9998408,0.018187908071023457,0.0
all,M3,0.1,,cropping,2500,2500,0.0804,0.8224,0.019600000000000006,,,0.9998408,0.013520355024924453,0.024673872821265756
all,M3,0.1,,cropping+jpeg,2500,2500,0.0628,0.6596,0.0372,,,0.9998408,0.010639548862616314,0.02740072991728509
all,M3,0.1,,jpeg+cropping,2500,2500,0.040400000000000005,0.5772,0.05960000000000001,,,0.9998408,0.007668115805072325,0.04179952152836202
all,M3,0.1,,jpeg_q30,2500,2500,0.05639999999999999,0.9968,0.04360000000000001,,,0.9998408,0.009528903399657276,0.0022803508501982673
all,M3,0.1,,jpeg_q50,2500,2500,0.055200000000000006,0.9996,0.044800000000000006,,,0.9998408,0.009444575162494076,0.000894427190999926
all,M3,0.1,,jpeg_q70,2500,2500,0.07039999999999999,0.9992000000000001,0.029600000000000005,,,0.9998408,0.012915107432770348,0.0017888543819998273
all,M3,0.1,,jpeg_q90,2500,2500,0.086,0.9996,0.014800000000000004,,,0.9998408,0.016062378404209012,0.0008944271909999374
all,M3,0.1,,noise+blurring+jpeg,2500,2500,0.038,0.9879999999999999,0.06200000000000001,,,0.9998408,0.010954451150103323,0.006324555320336781
all,M3,0.1,,noise_s001,2500,2500,0.0848,1.0,0.015200000000000005,,,0.9998408,0.013236313686219438,0.0
all,M3,0.1,,noise_s003,2500,2500,0.11599999999999999,1.0,0.0192,,,0.9998408,0.018920887928424505,0.0
all,M3,0.1,,noise_s005,2500,2500,0.1272,1.0,0.02719999999999999,,,0.9998408,0.017697457444503156,0.0
all,M3,0.1,,noise_s008,2500,2500,0.13,0.9984,0.029999999999999992,,,0.9998408,0.016552945357246857,0.0016733200530681576
all,M3,0.1,,none,2500,2500,0.0876,0.9996,0.014800000000000004,,,0.9998408,0.015126136320951231,0.0008944271909999374
all,M3,0.1,,rotation,2500,2500,0.008,0.1224,0.092,,,0.9998408,0.00469041575982343,0.024429490375363953
all,M3,0.1,,rotation+cropping+jpeg,2500,2500,0.0208,0.09359999999999999,0.0792,,,0.9998408,0.009444575162494077,0.014724129855444768
