gen_seed,method,alpha,threshold,attack_id,family,empirical_fpr,empirical_tpr,calibration_error,delta_fpr,fpr_violation,worst_case_fpr,worst_case_tpr,worst_attack_fpr,worst_attack_tpr,empirical_fpr_std,empirical_tpr_std,worst_case_fpr_std,worst_case_tpr_std
0,M1,0.05,-46.22242456245422,blurring,ID-single,0.002,0.982,0.048,-0.048,0,,,,,,,,
0,M1,0.05,-46.22242456245422,blurring+noise,same-family composite,0.0,0.92,0.05,-0.05,0,,,,,,,,
0,M1,0.05,-46.22242456245422,cropping,ID-single,0.002,0.126,0.048,-0.048,0,,,,,,,,
0,M1,0.05,-46.22242456245422,cropping+jpeg,same-family composite,0.002,0.04,0.048,-0.048,0,,,,,,,,
0,M1,0.05,-46.22242456245422,jpeg+cropping,same-family composite,0.002,0.014,0.048,-0.048,0,,,,,,,,
0,M1,0.05,-46.22242456245422,jpeg_q30,ID-single,0.002,0.832,0.048,-0.048,0,,,,,,,,
0,M1,0.05,-46.22242456245422,jpeg_q50,ID-single,0.004,0.9,0.046,-0.046,0,,,,,,,,
0,M1,0.05,-46.22242456245422,jpeg_q70,ID-single,0.0,0.978,0.05,-0.05,0,,,,,,,,
0,M1,0.05,-46.22242456245422,jpeg_q90,ID-single,0.002,0.988,0.048,-0.048,0,,,,,,,,
0,M1,0.05,-46.22242456245422,noise+blurring+jpeg,cross-family composite,0.0,0.764,0.05,-0.05,0,,,,,,,,
0,M1,0.05,-46.22242456245422,noise_s001,ID-single,0.0,0.98,0.05,-0.05,0,,,,,,,,
0,M1,0.05,-46.22242456245422,noise_s003,ID-single,0.0,0.972,0.05,-0.05,0,,,,,,,,
0,M1,0.05,-46.22242456245422,noise_s005,ID-single,0.002,0.944,0.048,-0.048,0,,,,,,,,
0,M1,0.05,-46.22242456245422,noise_s008,ID-single,0.002,0.844,0.048,-0.048,0,,,,,,,,
0,M1,0.05,-46.22242456245422,none,ID-single,0.002,0.986,0.048,-0.048,0,,,,,,,,
0,M1,0.05,-46.22242456245422,rotation,ID-single,0.0,0.0,0.05,-0.05,0,,,,,,,,
0,M1,0.05,-46.22242456245422,rotation+cropping+jpeg,cross-family composite,0.0,0.0,0.05,-0.05,0,,,,,,,,
0,M1,0.05,-46.22242456245422,_worst,ID-single,0.004,0.0,0.046,-0.046,0,0.004,0.0,jpeg_q50,rotation,,,,
0,M1,0.05,-46.22242456245422,_worst,cross-family composite,0.0,0.0,0.05,-0.05,0,0.0,0.0,noise+blurring+jpeg,rotation+cropping+jpeg,,,,
0,M1,0.05,-46.22242456245422,_worst,same-family composite,0.002,0.014,0.048,-0.048,0,0.002,0.014,cropping+jpeg,jpeg+cropping,,,,
0,M2,0.05,-46.80410385131836,blurring,ID-single,0.004,0.986,0.046,-0.046,0,,,,,,,,
0,M2,0.05,-46.80410385131836,blurring+noise,same-family composite,0.008,0.954,0.042,-0.042,0,,,,,,,,
0,M2,0.05,-46.80410385131836,cropping,ID-single,0.002,0.206,0.048,-0.048,0,,,,,,,,
0,M2,0.05,-46.80410385131836,cropping+jpeg,same-family composite,0.004,0.064,0.046,-0.046,0,,,,,,,,
0,M2,0.05,-46.80410385131836,jpeg+cropping,same-family composite,0.004,0.038,0.046,-0.046,0,,,,,,,,
0,M2,0.05,-46.80410385131836,jpeg_q30,ID-single,0.004,0.884,0.046,-0.046,0,,,,,,,,
0,M2,0.05,-46.80410385131836,jpeg_q50,ID-single,0.004,0.932,0.046,-0.046,0,,,,,,,,
0,M2,0.05,-46.80410385131836,jpeg_q70,ID-single,0.0,0.99,0.05,-0.05,0,,,,,,,,
0,M2,0.05,-46.80410385131836,jpeg_q90,ID-single,0.01,0.992,0.04,-0.04,0,,,,,,,,
0,M2,0.05,-46.80410385131836,noise+blurring+jpeg,cross-family composite,0.0,0.82,0.05,-0.05,0,,,,,,,,
0,M2,0.05,-46.80410385131836,noise_s001,ID-single,0.002,0.986,0.048,-0.048,0,,,,,,,,
0,M2,0.05,-46.80410385131836,noise_s003,ID-single,0.002,0.982,0.048,-0.048,0,,,,,,,,
0,M2,0.05,-46.80410385131836,noise_s005,ID-single,0.008,0.96,0.042,-0.042,0,,,,,,,,
0,M2,0.05,-46.80410385131836,noise_s008,ID-single,0.006,0.894,0.044000000000000004,-0.044000000000000004,0,,,,,,,,
0,M2,0.05,-46.80410385131836,none,ID-single,0.008,0.992,0.042,-0.042,0,,,,,,,,
0,M2,0.05,-46.80410385131836,rotation,ID-single,0.0,0.002,0.05,-0.05,0,,,,,,,,
0,M2,0.05,-46.80410385131836,rotation+cropping+jpeg,cross-family composite,0.0,0.002,0.05,-0.05,0,,,,,,,,
0,M2,0.05,-46.80410385131836,_worst,ID-single,0.01,0.002,0.04,-0.04,0,0.01,0.002,jpeg_q90,rotation,,,,
0,M2,0.05,-46.80410385131836,_worst,cross-family composite,0.0,0.002,0.05,-0.05,0,0.0,0.002,noise+blurring+jpeg,rotation+cropping+jpeg,,,,
0,M2,0.05,-46.80410385131836,_worst,same-family composite,0.008,0.038,0.042,-0.042,0,0.008,0.038,blurring+noise,jpeg+cropping,,,,
0,M3,0.05,-49.37412643432617,blurring,ID-single,0.04,0.996,0.010000000000000002,-0.010000000000000002,0,,,,,,,,
0,M3,0.05,-49.37412643432617,blurring+noise,same-family composite,0.066,0.994,0.016,0.016,1,,,,,,,,
0,M3,0.05,-49.37412643432617,cropping,ID-single,0.04,0.682,0.010000000000000002,-0.010000000000000002,0,,,,,,,,
0,M3,0.05,-49.37412643432617,cropping+jpeg,same-family composite,0.032,0.45,0.018000000000000002,-0.018000000000000002,0,,,,,,,,
0,M3,0.05,-49.37412643432617,jpeg+cropping,same-family composite,0.016,0.35,0.034,-0.034,0,,,,,,,,
0,M3,0.05,-49.37412643432617,jpeg_q30,ID-single,0.028,0.994,0.022000000000000002,-0.022000000000000002,0,,,,,,,,
0,M3,0.05,-49.37412643432617,jpeg_q50,ID-single,0.022,0.996,0.028000000000000004,-0.028000000000000004,0,,,,,,,,
0,M3,0.05,-49.37412643432617,jpeg_q70,ID-single,0.026,0.996,0.024000000000000004,-0.024000000000000004,0,,,,,,,,
0,M3,0.05,-49.37412643432617,jpeg_q90,ID-single,0.034,0.998,0.016,-0.016,0,,,,,,,,
0,M3,0.05,-49.37412643432617,noise+blurring+jpeg,cross-family composite,0.016,0.966,0.034,-0.034,0,,,,,,,,
0,M3,0.05,-49.37412643432617,noise_s001,ID-single,0.042,0.998,0.008,-0.008,0,,,,,,,,
0,M3,0.05,-49.37412643432617,noise_s003,ID-single,0.06,0.998,0.009999999999999995,0.009999999999999995,1,,,,,,,,
0,M3,0.05,-49.37412643432617,noise_s005,ID-single,0.064,0.996,0.013999999999999999,0.013999999999999999,1,,,,,,,,
0,M3,0.05,-49.37412643432617,noise_s008,ID-single,0.068,0.99,0.018000000000000002,0.018000000000000002,1,,,,,,,,
0,M3,0.05,-49.37412643432617,none,ID-single,0.038,0.996,0.012000000000000004,-0.012000000000000004,0,,,,,,,,
0,M3,0.05,-49.37412643432617,rotation,ID-single,0.002,0.044,0.048,-0.048,0,,,,,,,,
0,M3,0.05,-49.37412643432617,rotation+cropping+jpeg,cross-family composite,0.012,0.038,0.038000000000000006,-0.038000000000000006,0,,,,,,,,
0,M3,0.05,-49.37412643432617,_worst,ID-single,0.068,0.044,0.018000000000000002,0.018000000000000002,3,0.068,0.044,noise_s008,rotation,,,,
0,M3,0.05,-49.37412643432617,_worst,cross-family composite,0.016,0.038,0.034,-0.034,0,0.016,0.038,noise+blurring+jpeg,rotation+cropping+jpeg,,,,
0,M3,0.05,-49.37412643432617,_worst,same-family composite,0.066,0.35,0.016,0.016,1,0.066,0.35,blurring+noise,jpeg+cropping,,,,
0,M1,0.1,-46.22242456245422,blurring,ID-single,0.002,0.982,0.098,-0.098,0,,,,,,,,
0,M1,0.1,-46.22242456245422,blurring+noise,same-family composite,0.0,0.92,0.1,-0.1,0,,,,,,,,
0,M1,0.1,-46.22242456245422,cropping,ID-single,0.002,0.126,0.098,-0.098,0,,,,,,,,
0,M1,0.1,-46.22242456245422,cropping+jpeg,same-family composite,0.002,0.04,0.098,-0.098,0,,,,,,,,
0,M1,0.1,-46.22242456245422,jpeg+cropping,same-family composite,0.002,0.014,0.098,-0.098,0,,,,,,,,
0,M1,0.1,-46.22242456245422,jpeg_q30,ID-single,0.002,0.832,0.098,-0.098,0,,,,,,,,
0,M1,0.1,-46.22242456245422,jpeg_q50,ID-single,0.004,0.9,0.096,-0.096,0,,,,,,,,
0,M1,0.1,-46.22242456245422,jpeg_q70,ID-single,0.0,0.978,0.1,-0.1,0,,,,,,,,
0,M1,0.1,-46.22242456245422,jpeg_q90,ID-single,0.002,0.988,0.098,-0.098,0,,,,,,,,
0,M1,0.1,-46.22242456245422,noise+blurring+jpeg,cross-family composite,0.0,0.764,0.1,-0.1,0,,,,,,,,
0,M1,0.1,-46.22242456245422,noise_s001,ID-single,0.0,0.98,0.1,-0.1,0,,,,,,,,
0,M1,0.1,-46.22242456245422,noise_s003,ID-single,0.0,0.972,0.1,-0.1,0,,,,,,,,
0,M1,0.1,-46.22242456245422,noise_s005,ID-single,0.002,0.944,0.098,-0.098,0,,,,,,,,
0,M1,0.1,-46.22242456245422,noise_s008,ID-single,0.002,0.844,0.098,-0.098,0,,,,,,,,
0,M1,0.1,-46.22242456245422,none,ID-single,0.002,0.986,0.098,-0.098,0,,,,,,,,
0,M1,0.1,-46.22242456245422,rotation,ID-single,0.0,0.0,0.1,-0.1,0,,,,,,,,
0,M1,0.1,-46.22242456245422,rotation+cropping+jpeg,cross-family composite,0.0,0.0,0.1,-0.1,0,,,,,,,,
0,M1,0.1,-46.22242456245422,_worst,ID-single,0.004,0.0,0.096,-0.096,0,0.004,0.0,jpeg_q50,rotation,,,,
0,M1,0.1,-46.22242456245422,_worst,cross-family composite,0.0,0.0,0.1,-0.1,0,0.0,0.0,noise+blurring+jpeg,rotation+cropping+jpeg,,,,
0,M1,0.1,-46.22242456245422,_worst,same-family composite,0.002,0.014,0.098,-0.098,0,0.002,0.014,cropping+jpeg,jpeg+cropping,,,,
0,M2,0.1,-46.80410385131836,blurring,ID-single,0.004,0.986,0.096,-0.096,0,,,,,,,,
0,M2,0.1,-46.80410385131836,blurring+noise,same-family composite,0.008,0.954,0.092,-0.092,0,,,,,,,,
0,M2,0.1,-46.80410385131836,cropping,ID-single,0.002,0.206,0.098,-0.098,0,,,,,,,,
0,M2,0.1,-46.80410385131836,cropping+jpeg,same-family composite,0.004,0.064,0.096,-0.096,0,,,,,,,,
0,M2,0.1,-46.80410385131836,jpeg+cropping,same-family composite,0.004,0.038,0.096,-0.096,0,,,,,,,,
0,M2,0.1,-46.80410385131836,jpeg_q30,ID-single,0.004,0.884,0.096,-0.096,0,,,,,,,,
0,M2,0.1,-46.80410385131836,jpeg_q50,ID-single,0.004,0.932,0.096,-0.096,0,,,,,,,,
0,M2,0.1,-46.80410385131836,jpeg_q70,ID-single,0.0,0.99,0.1,-0.1,0,,,,,,,,
0,M2,0.1,-46.80410385131836,jpeg_q90,ID-single,0.01,0.992,0.09000000000000001,-0.09000000000000001,0,,,,,,,,
0,M2,0.1,-46.80410385131836,noise+blurring+jpeg,cross-family composite,0.0,0.82,0.1,-0.1,0,,,,,,,,
0,M2,0.1,-46.80410385131836,noise_s001,ID-single,0.002,0.986,0.098,-0.098,0,,,,,,,,
0,M2,0.1,-46.80410385131836,noise_s003,ID-single,0.002,0.982,0.098,-0.098,0,,,,,,,,
0,M2,0.1,-46.80410385131836,noise_s005,ID-single,0.008,0.96,0.092,-0.092,0,,,,,,,,
0,M2,0.1,-46.80410385131836,noise_s008,ID-single,0.006,0.894,0.094,-0.094,0,,,,,,,,
0,M2,0.1,-46.80410385131836,none,ID-single,0.008,0.992,0.092,-0.092,0,,,,,,,,
0,M2,0.1,-46.80410385131836,rotation,ID-single,0.0,0.002,0.1,-0.1,0,,,,,,,,
0,M2,0.1,-46.80410385131836,rotation+cropping+jpeg,cross-family composite,0.0,0.002,0.1,-0.1,0,,,,,,,,
0,M2,0.1,-46.80410385131836,_worst,ID-single,0.01,0.002,0.09000000000000001,-0.09000000000000001,0,0.01,0.002,jpeg_q90,rotation,,,,
0,M2,0.1,-46.80410385131836,_worst,cross-family composite,0.0,0.002,0.1,-0.1,0,0.0,0.002,noise+blurring+jpeg,rotation+cropping+jpeg,,,,
0,M2,0.1,-46.80410385131836,_worst,same-family composite,0.008,0.038,0.092,-0.092,0,0.008,0.038,blurring+noise,jpeg+cropping,,,,
0,M3,0.1,-50.48165893554688,blurring,ID-single,0.084,0.998,0.016,-0.016,0,,,,,,,,
0,M3,0.1,-50.48165893554688,blurring+noise,same-family composite,0.144,1.0,0.043999999999999984,0.043999999999999984,1,,,,,,,,
0,M3,0.1,-50.48165893554688,cropping,ID-single,0.092,0.834,0.008000000000000007,-0.008000000000000007,0,,,,,,,,
0,M3,0.1,-50.48165893554688,cropping+jpeg,same-family composite,0.068,0.674,0.032,-0.032,0,,,,,,,,
0,M3,0.1,-50.48165893554688,jpeg+cropping,same-family composite,0.042,0.6,0.058,-0.058,0,,,,,,,,
0,M3,0.1,-50.48165893554688,jpeg_q30,ID-single,0.062,1.0,0.038000000000000006,-0.038000000000000006,0,,,,,,,,
0,M3,0.1,-50.48165893554688,jpeg_q50,ID-single,0.056,1.0,0.044000000000000004,-0.044000000000000004,0,,,,,,,,
0,M3,0.1,-50.48165893554688,jpeg_q70,ID-single,0.088,0.996,0.01200000000000001,-0.01200000000000001,0,,,,,,,,
0,M3,0.1,-50.48165893554688,jpeg_q90,ID-single,0.102,0.998,0.001999999999999988,0.001999999999999988,1,,,,,,,,
0,M3,0.1,-50.48165893554688,noise+blurring+jpeg,cross-family composite,0.05,0.99,0.05,-0.05,0,,,,,,,,
0,M3,0.1,-50.48165893554688,noise_s001,ID-single,0.098,1.0,0.0020000000000000018,-0.0020000000000000018,0,,,,,,,,
0,M3,0.1,-50.48165893554688,noise_s003,ID-single,0.136,1.0,0.036000000000000004,0.036000000000000004,1,,,,,,,,
0,M3,0.1,-50.48165893554688,noise_s005,ID-single,0.132,1.0,0.032,0.032,1,,,,,,,,
0,M3,0.1,-50.48165893554688,noise_s008,ID-single,0.142,0.996,0.04199999999999998,0.04199999999999998,1,,,,,,,,
0,M3,0.1,-50.48165893554688,none,ID-single,0.106,0.998,0.0059999999999999915,0.0059999999999999915,1,,,,,,,,
0,M3,0.1,-50.48165893554688,rotation,ID-single,0.012,0.12,0.08800000000000001,-0.08800000000000001,0,,,,,,,,
0,M3,0.1,-50.48165893554688,rotation+cropping+jpeg,cross-family composite,0.03,0.102,0.07,-0.07,0,,,,,,,,
0,M3,0.1,-50.48165893554688,_worst,ID-single,0.142,0.12,0.04199999999999998,0.04199999999999998,5,0.142,0.12,noise_s008,rotation,,,,
0,M3,0.1,-50.48165893554688,_worst,cross-family composite,0.05,0.102,0.05,-0.05,0,0.05,0.102,noise+blurring+jpeg,rotation+cropping+jpeg,,,,
0,M3,0.1,-50.48165893554688,_worst,same-family composite,0.144,0.6,0.043999999999999984,0.043999999999999984,1,0.144,0.6,blurring+noise,jpeg+cropping,,,,
0,M1,0.01,-46.22242456245422,blurring,ID-single,0.002,0.982,0.008,-0.008,0,,,,,,,,
0,M1,0.01,-46.22242456245422,blurring+noise,same-family composite,0.0,0.92,0.01,-0.01,0,,,,,,,,
0,M1,0.01,-46.22242456245422,cropping,ID-single,0.002,0.126,0.008,-0.008,0,,,,,,,,
0,M1,0.01,-46.22242456245422,cropping+jpeg,same-family composite,0.002,0.04,0.008,-0.008,0,,,,,,,,
0,M1,0.01,-46.22242456245422,jpeg+cropping,same-family composite,0.002,0.014,0.008,-0.008,0,,,,,,,,
0,M1,0.01,-46.22242456245422,jpeg_q30,ID-single,0.002,0.832,0.008,-0.008,0,,,,,,,,
0,M1,0.01,-46.22242456245422,jpeg_q50,ID-single,0.004,0.9,0.006,-0.006,0,,,,,,,,
0,M1,0.01,-46.22242456245422,jpeg_q70,ID-single,0.0,0.978,0.01,-0.01,0,,,,,,,,
0,M1,0.01,-46.22242456245422,jpeg_q90,ID-single,0.002,0.988,0.008,-0.008,0,,,,,,,,
0,M1,0.01,-46.22242456245422,noise+blurring+jpeg,cross-family composite,0.0,0.764,0.01,-0.01,0,,,,,,,,
0,M1,0.01,-46.22242456245422,noise_s001,ID-single,0.0,0.98,0.01,-0.01,0,,,,,,,,
0,M1,0.01,-46.22242456245422,noise_s003,ID-single,0.0,0.972,0.01,-0.01,0,,,,,,,,
0,M1,0.01,-46.22242456245422,noise_s005,ID-single,0.002,0.944,0.008,-0.008,0,,,,,,,,
0,M1,0.01,-46.22242456245422,noise_s008,ID-single,0.002,0.844,0.008,-0.008,0,,,,,,,,
0,M1,0.01,-46.22242456245422,none,ID-single,0.002,0.986,0.008,-0.008,0,,,,,,,,
0,M1,0.01,-46.22242456245422,rotation,ID-single,0.0,0.0,0.01,-0.01,0,,,,,,,,
0,M1,0.01,-46.22242456245422,rotation+cropping+jpeg,cross-family composite,0.0,0.0,0.01,-0.01,0,,,,,,,,
0,M1,0.01,-46.22242456245422,_worst,ID-single,0.004,0.0,0.006,-0.006,0,0.004,0.0,jpeg_q50,rotation,,,,
0,M1,0.01,-46.22242456245422,_worst,cross-family composite,0.0,0.0,0.01,-0.01,0,0.0,0.0,noise+blurring+jpeg,rotation+cropping+jpeg,,,,
0,M1,0.01,-46.22242456245422,_worst,same-family composite,0.002,0.014,0.008,-0.008,0,0.002,0.014,cropping+jpeg,jpeg+cropping,,,,
0,M2,0.01,-46.80410385131836,blurring,ID-single,0.004,0.986,0.006,-0.006,0,,,,,,,,
0,M2,0.01,-46.80410385131836,blurring+noise,same-family composite,0.008,0.954,0.002,-0.002,0,,,,,,,,
0,M2,0.01,-46.80410385131836,cropping,ID-single,0.002,0.206,0.008,-0.008,0,,,,,,,,
0,M2,0.01,-46.80410385131836,cropping+jpeg,same-family composite,0.004,0.064,0.006,-0.006,0,,,,,,,,
0,M2,0.01,-46.80410385131836,jpeg+cropping,same-family composite,0.004,0.038,0.006,-0.006,0,,,,,,,,
0,M2,0.01,-46.80410385131836,jpeg_q30,ID-single,0.004,0.884,0.006,-0.006,0,,,,,,,,
0,M2,0.01,-46.80410385131836,jpeg_q50,ID-single,0.004,0.932,0.006,-0.006,0,,,,,,,,
0,M2,0.01,-46.80410385131836,jpeg_q70,ID-single,0.0,0.99,0.01,-0.01,0,,,,,,,,
0,M2,0.01,-46.80410385131836,jpeg_q90,ID-single,0.01,0.992,0.0,0.0,0,,,,,,,,
0,M2,0.01,-46.80410385131836,noise+blurring+jpeg,cross-family composite,0.0,0.82,0.01,-0.01,0,,,,,,,,
0,M2,0.01,-46.80410385131836,noise_s001,ID-single,0.002,0.986,0.008,-0.008,0,,,,,,,,
0,M2,0.01,-46.80410385131836,noise_s003,ID-single,0.002,0.982,0.008,-0.008,0,,,,,,,,
0,M2,0.01,-46.80410385131836,noise_s005,ID-single,0.008,0.96,0.002,-0.002,0,,,,,,,,
0,M2,0.01,-46.80410385131836,noise_s008,ID-single,0.006,0.894,0.004,-0.004,0,,,,,,,,
0,M2,0.01,-46.80410385131836,none,ID-single,0.008,0.992,0.002,-0.002,0,,,,,,,,
0,M2,0.01,-46.80410385131836,rotation,ID-single,0.0,0.002,0.01,-0.01,0,,,,,,,,
0,M2,0.01,-46.80410385131836,rotation+cropping+jpeg,cross-family composite,0.0,0.002,0.01,-0.01,0,,,,,,,,
0,M2,0.01,-46.80410385131836,_worst,ID-single,0.01,0.002,0.0,0.0,0,0.01,0.002,jpeg_q90,rotation,,,,
0,M2,0.01,-46.80410385131836,_worst,cross-family composite,0.0,0.002,0.01,-0.01,0,0.0,0.002,noise+blurring+jpeg,rotation+cropping+jpeg,,,,
0,M2,0.01,-46.80410385131836,_worst,same-family composite,0.008,0.038,0.002,-0.002,0,0.008,0.038,blurring+noise,jpeg+cropping,,,,
0,M3,0.01,-48.126686096191406,blurring,ID-single,0.018,0.994,0.007999999999999998,0.007999999999999998,1,,,,,,,,
0,M3,0.01,-48.126686096191406,blurring+noise,same-family composite,0.02,0.988,0.01,0.01,1,,,,,,,,
0,M3,0.01,-48.126686096191406,cropping,ID-single,0.016,0.442,0.006,0.006,1,,,,,,,,
0,M3,0.01,-48.126686096191406,cropping+jpeg,same-family composite,0.01,0.22,0.0,0.0,0,,,,,,,,
0,M3,0.01,-48.126686096191406,jpeg+cropping,same-family composite,0.006,0.154,0.004,-0.004,0,,,,,,,,
0,M3,0.01,-48.126686096191406,jpeg_q30,ID-single,0.014,0.958,0.004,0.004,1,,,,,,,,
0,M3,0.01,-48.126686096191406,jpeg_q50,ID-single,0.008,0.988,0.002,-0.002,0,,,,,,,,
0,M3,0.01,-48.126686096191406,jpeg_q70,ID-single,0.008,0.996,0.002,-0.002,0,,,,,,,,
0,M3,0.01,-48.126686096191406,jpeg_q90,ID-single,0.014,0.996,0.004,0.004,1,,,,,,,,
0,M3,0.01,-48.126686096191406,noise+blurring+jpeg,cross-family composite,0.0,0.92,0.01,-0.01,0,,,,,,,,
0,M3,0.01,-48.126686096191406,noise_s001,ID-single,0.012,0.996,0.002,0.002,1,,,,,,,,
0,M3,0.01,-48.126686096191406,noise_s003,ID-single,0.022,0.998,0.011999999999999999,0.011999999999999999,1,,,,,,,,
0,M3,0.01,-48.126686096191406,noise_s005,ID-single,0.024,0.984,0.014,0.014,1,,,,,,,,
0,M3,0.01,-48.126686096191406,noise_s008,ID-single,0.024,0.962,0.014,0.014,1,,,,,,,,
0,M3,0.01,-48.126686096191406,none,ID-single,0.012,0.996,0.002,0.002,1,,,,,,,,
0,M3,0.01,-48.126686096191406,rotation,ID-single,0.0,0.01,0.01,-0.01,0,,,,,,,,
0,M3,0.01,-48.126686096191406,rotation+cropping+jpeg,cross-family composite,0.002,0.008,0.008,-0.008,0,,,,,,,,
0,M3,0.01,-48.126686096191406,_worst,ID-single,0.024,0.01,0.014,0.014,9,0.024,0.01,noise_s005,rotation,,,,
0,M3,0.01,-48.126686096191406,_worst,cross-family composite,0.002,0.008,0.008,-0.008,0,0.002,0.008,rotation+cropping+jpeg,rotation+cropping+jpeg,,,,
0,M3,0.01,-48.126686096191406,_worst,same-family composite,0.02,0.154,0.01,0.01,1,0.02,0.154,blurring+noise,jpeg+cropping,,,,
1,M1,0.05,-46.14354853057861,blurring,ID-single,0.002,0.982,0.048,-0.048,0,,,,,,,,
1,M1,0.05,-46.14354853057861,blurring+noise,same-family composite,0.0,0.938,0.05,-0.05,0,,,,,,,,
1,M1,0.05,-46.14354853057861,cropping,ID-single,0.0,0.096,0.05,-0.05,0,,,,,,,,
1,M1,0.05,-46.14354853057861,cropping+jpeg,same-family composite,0.0,0.022,0.05,-0.05,0,,,,,,,,
1,M1,0.05,-46.14354853057861,jpeg+cropping,same-family composite,0.0,0.01,0.05,-0.05,0,,,,,,,,
1,M1,0.05,-46.14354853057861,jpeg_q30,ID-single,0.006,0.844,0.044000000000000004,-0.044000000000000004,0,,,,,,,,
1,M1,0.05,-46.14354853057861,jpeg_q50,ID-single,0.0,0.898,0.05,-0.05,0,,,,,,,,
1,M1,0.05,-46.14354853057861,jpeg_q70,ID-single,0.0,0.976,0.05,-0.05,0,,,,,,,,
1,M1,0.05,-46.14354853057861,jpeg_q90,ID-single,0.0,0.984,0.05,-0.05,0,,,,,,,,
1,M1,0.05,-46.14354853057861,noise+blurring+jpeg,cross-family composite,0.0,0.766,0.05,-0.05,0,,,,,,,,
1,M1,0.05,-46.14354853057861,noise_s001,ID-single,0.0,0.982,0.05,-0.05,0,,,,,,,,
1,M1,0.05,-46.14354853057861,noise_s003,ID-single,0.0,0.974,0.05,-0.05,0,,,,,,,,
1,M1,0.05,-46.14354853057861,noise_s005,ID-single,0.0,0.942,0.05,-0.05,0,,,,,,,,
1,M1,0.05,-46.14354853057861,noise_s008,ID-single,0.0,0.824,0.05,-0.05,0,,,,,,,,
1,M1,0.05,-46.14354853057861,none,ID-single,0.0,0.984,0.05,-0.05,0,,,,,,,,
1,M1,0.05,-46.14354853057861,rotation,ID-single,0.0,0.0,0.05,-0.05,0,,,,,,,,
1,M1,0.05,-46.14354853057861,rotation+cropping+jpeg,cross-family composite,0.0,0.0,0.05,-0.05,0,,,,,,,,
1,M1,0.05,-46.14354853057861,_worst,ID-single,0.006,0.0,0.044000000000000004,-0.044000000000000004,0,0.006,0.0,jpeg_q30,rotation,,,,
1,M1,0.05,-46.14354853057861,_worst,cross-family composite,0.0,0.0,0.05,-0.05,0,0.0,0.0,noise+blurring+jpeg,rotation+cropping+jpeg,,,,
1,M1,0.05,-46.14354853057861,_worst,same-family composite,0.0,0.01,0.05,-0.05,0,0.0,0.01,blurring+noise,jpeg+cropping,,,,
1,M2,0.05,-46.52769088745117,blurring,ID-single,0.002,0.99,0.048,-0.048,0,,,,,,,,
1,M2,0.05,-46.52769088745117,blurring+noise,same-family composite,0.002,0.966,0.048,-0.048,0,,,,,,,,
1,M2,0.05,-46.52769088745117,cropping,ID-single,0.0,0.148,0.05,-0.05,0,,,,,,,,
1,M2,0.05,-46.52769088745117,cropping+jpeg,same-family composite,0.0,0.032,0.05,-0.05,0,,,,,,,,
1,M2,0.05,-46.52769088745117,jpeg+cropping,same-family composite,0.002,0.016,0.048,-0.048,0,,,,,,,,
1,M2,0.05,-46.52769088745117,jpeg_q30,ID-single,0.01,0.878,0.04,-0.04,0,,,,,,,,
1,M2,0.05,-46.52769088745117,jpeg_q50,ID-single,0.0,0.924,0.05,-0.05,0,,,,,,,,
1,M2,0.05,-46.52769088745117,jpeg_q70,ID-single,0.0,0.984,0.05,-0.05,0,,,,,,,,
1,M2,0.05,-46.52769088745117,jpeg_q90,ID-single,0.002,0.986,0.048,-0.048,0,,,,,,,,
1,M2,0.05,-46.52769088745117,noise+blurring+jpeg,cross-family composite,0.0,0.8,0.05,-0.05,0,,,,,,,,
1,M2,0.05,-46.52769088745117,noise_s001,ID-single,0.0,0.984,0.05,-0.05,0,,,,,,,,
1,M2,0.05,-46.52769088745117,noise_s003,ID-single,0.002,0.986,0.048,-0.048,0,,,,,,,,
1,M2,0.05,-46.52769088745117,noise_s005,ID-single,0.0,0.966,0.05,-0.05,0,,,,,,,,
1,M2,0.05,-46.52769088745117,noise_s008,ID-single,0.0,0.86,0.05,-0.05,0,,,,,,,,
1,M2,0.05,-46.52769088745117,none,ID-single,0.0,0.988,0.05,-0.05,0,,,,,,,,
1,M2,0.05,-46.52769088745117,rotation,ID-single,0.0,0.0,0.05,-0.05,0,,,,,,,,
1,M2,0.05,-46.52769088745117,rotation+cropping+jpeg,cross-family composite,0.0,0.0,0.05,-0.05,0,,,,,,,,
1,M2,0.05,-46.52769088745117,_worst,ID-single,0.01,0.0,0.04,-0.04,0,0.01,0.0,jpeg_q30,rotation,,,,
1,M2,0.05,-46.52769088745117,_worst,cross-family composite,0.0,0.0,0.05,-0.05,0,0.0,0.0,noise+blurring+jpeg,rotation+cropping+jpeg,,,,
1,M2,0.05,-46.52769088745117,_worst,same-family composite,0.002,0.016,0.048,-0.048,0,0.002,0.016,blurring+noise,jpeg+cropping,,,,
1,M3,0.05,-49.068580627441406,blurring,ID-single,0.028,0.998,0.022000000000000002,-0.022000000000000002,0,,,,,,,,
1,M3,0.05,-49.068580627441406,blurring+noise,same-family composite,0.068,1.0,0.018000000000000002,0.018000000000000002,1,,,,,,,,
1,M3,0.05,-49.068580627441406,cropping,ID-single,0.03,0.634,0.020000000000000004,-0.020000000000000004,0,,,,,,,,
1,M3,0.05,-49.068580627441406,cropping+jpeg,same-family composite,0.03,0.408,0.020000000000000004,-0.020000000000000004,0,,,,,,,,
1,M3,0.05,-49.068580627441406,jpeg+cropping,same-family composite,0.014,0.292,0.036000000000000004,-0.036000000000000004,0,,,,,,,,
1,M3,0.05,-49.068580627441406,jpeg_q30,ID-single,0.032,0.986,0.018000000000000002,-0.018000000000000002,0,,,,,,,,
1,M3,0.05,-49.068580627441406,jpeg_q50,ID-single,0.014,0.994,0.036000000000000004,-0.036000000000000004,0,,,,,,,,
1,M3,0.05,-49.068580627441406,jpeg_q70,ID-single,0.026,0.998,0.024000000000000004,-0.024000000000000004,0,,,,,,,,
1,M3,0.05,-49.068580627441406,jpeg_q90,ID-single,0.04,1.0,0.010000000000000002,-0.010000000000000002,0,,,,,,,,
1,M3,0.05,-49.068580627441406,noise+blurring+jpeg,cross-family composite,0.01,0.948,0.04,-0.04,0,,,,,,,,
1,M3,0.05,-49.068580627441406,noise_s001,ID-single,0.034,1.0,0.016,-0.016,0,,,,,,,,
1,M3,0.05,-49.068580627441406,noise_s003,ID-single,0.048,1.0,0.0020000000000000018,-0.0020000000000000018,0,,,,,,,,
1,M3,0.05,-49.068580627441406,noise_s005,ID-single,0.054,1.0,0.003999999999999997,0.003999999999999997,1,,,,,,,,
1,M3,0.05,-49.068580627441406,noise_s008,ID-single,0.052,0.998,0.001999999999999995,0.001999999999999995,1,,,,,,,,
1,M3,0.05,-49.068580627441406,none,ID-single,0.038,1.0,0.012000000000000004,-0.012000000000000004,0,,,,,,,,
1,M3,0.05,-49.068580627441406,rotation,ID-single,0.0,0.032,0.05,-0.05,0,,,,,,,,
1,M3,0.05,-49.068580627441406,rotation+cropping+jpeg,cross-family composite,0.01,0.018,0.04,-0.04,0,,,,,,,,
1,M3,0.05,-49.068580627441406,_worst,ID-single,0.054,0.032,0.003999999999999997,0.003999999999999997,2,0.054,0.032,noise_s005,rotation,,,,
1,M3,0.05,-49.068580627441406,_worst,cross-family composite,0.01,0.018,0.04,-0.04,0,0.01,0.018,noise+blurring+jpeg,rotation+cropping+jpeg,,,,
1,M3,0.05,-49.068580627441406,_worst,same-family composite,0.068,0.292,0.018000000000000002,0.018000000000000002,1,0.068,0.292,blurring+noise,jpeg+cropping,,,,
1,M1,0.1,-46.14354853057861,blurring,ID-single,0.002,0.982,0.098,-0.098,0,,,,,,,,
1,M1,0.1,-46.14354853057861,blurring+noise,same-family composite,0.0,0.938,0.1,-0.1,0,,,,,,,,
1,M1,0.1,-46.14354853057861,cropping,ID-single,0.0,0.096,0.1,-0.1,0,,,,,,,,
1,M1,0.1,-46.14354853057861,cropping+jpeg,same-family composite,0.0,0.022,0.1,-0.1,0,,,,,,,,
1,M1,0.1,-46.14354853057861,jpeg+cropping,same-family composite,0.0,0.01,0.1,-0.1,0,,,,,,,,
1,M1,0.1,-46.14354853057861,jpeg_q30,ID-single,0.006,0.844,0.094,-0.094,0,,,,,,,,
1,M1,0.1,-46.14354853057861,jpeg_q50,ID-single,0.0,0.898,0.1,-0.1,0,,,,,,,,
1,M1,0.1,-46.14354853057861,jpeg_q70,ID-single,0.0,0.976,0.1,-0.1,0,,,,,,,,
1,M1,0.1,-46.14354853057861,jpeg_q90,ID-single,0.0,0.984,0.1,-0.1,0,,,,,,,,
1,M1,0.1,-46.14354853057861,noise+blurring+jpeg,cross-family composite,0.0,0.766,0.1,-0.1,0,,,,,,,,
1,M1,0.1,-46.14354853057861,noise_s001,ID-single,0.0,0.982,0.1,-0.1,0,,,,,,,,
1,M1,0.1,-46.14354853057861,noise_s003,ID-single,0.0,0.974,0.1,-0.1,0,,,,,,,,
1,M1,0.1,-46.14354853057861,noise_s005,ID-single,0.0,0.942,0.1,-0.1,0,,,,,,,,
1,M1,0.1,-46.14354853057861,noise_s008,ID-single,0.0,0.824,0.1,-0.1,0,,,,,,,,
1,M1,0.1,-46.14354853057861,none,ID-single,0.0,0.984,0.1,-0.1,0,,,,,,,,
1,M1,0.1,-46.14354853057861,rotation,ID-single,0.0,0.0,0.1,-0.1,0,,,,,,,,
1,M1,0.1,-46.14354853057861,rotation+cropping+jpeg,cross-family composite,0.0,0.0,0.1,-0.1,0,,,,,,,,
1,M1,0.1,-46.14354853057861,_worst,ID-single,0.006,0.0,0.094,-0.094,0,0.006,0.0,jpeg_q30,rotation,,,,
1,M1,0.1,-46.14354853057861,_worst,cross-family composite,0.0,0.0,0.1,-0.1,0,0.0,0.0,noise+blurring+jpeg,rotation+cropping+jpeg,,,,
1,M1,0.1,-46.14354853057861,_worst,same-family composite,0.0,0.01,0.1,-0.1,0,0.0,0.01,blurring+noise,jpeg+cropping,,,,
1,M2,0.1,-46.52769088745117,blurring,ID-single,0.002,0.99,0.098,-0.098,0,,,,,,,,
1,M2,0.1,-46.52769088745117,blurring+noise,same-family composite,0.002,0.966,0.098,-0.098,0,,,,,,,,
1,M2,0.1,-46.52769088745117,cropping,ID-single,0.0,0.148,0.1,-0.1,0,,,,,,,,
1,M2,0.1,-46.52769088745117,cropping+jpeg,same-family composite,0.0,0.032,0.1,-0.1,0,,,,,,,,
1,M2,0.1,-46.52769088745117,jpeg+cropping,same-family composite,0.002,0.016,0.098,-0.098,0,,,,,,,,
1,M2,0.1,-46.52769088745117,jpeg_q30,ID-single,0.01,0.878,0.09000000000000001,-0.09000000000000001,0,,,,,,,,
1,M2,0.1,-46.52769088745117,jpeg_q50,ID-single,0.0,0.924,0.1,-0.1,0,,,,,,,,
1,M2,0.1,-46.52769088745117,jpeg_q70,ID-single,0.0,0.984,0.1,-0.1,0,,,,,,,,
1,M2,0.1,-46.52769088745117,jpeg_q90,ID-single,0.002,0.986,0.098,-0.098,0,,,,,,,,
1,M2,0.1,-46.52769088745117,noise+blurring+jpeg,cross-family composite,0.0,0.8,0.1,-0.1,0,,,,,,,,
1,M2,0.1,-46.52769088745117,noise_s001,ID-single,0.0,0.984,0.1,-0.1,0,,,,,,,,
1,M2,0.1,-46.52769088745117,noise_s003,ID-single,0.002,0.986,0.098,-0.098,0,,,,,,,,
1,M2,0.1,-46.52769088745117,noise_s005,ID-single,0.0,0.966,0.1,-0.1,0,,,,,,,,
1,M2,0.1,-46.52769088745117,noise_s008,ID-single,0.0,0.86,0.1,-0.1,0,,,,,,,,
1,M2,0.1,-46.52769088745117,none,ID-single,0.0,0.988,0.1,-0.1,0,,,,,,,,
1,M2,0.1,-46.52769088745117,rotation,ID-single,0.0,0.0,0.1,-0.1,0,,,,,,,,
1,M2,0.1,-46.52769088745117,rotation+cropping+jpeg,cross-family composite,0.0,0.0,0.1,-0.1,0,,,,,,,,
1,M2,0.1,-46.52769088745117,_worst,ID-single,0.01,0.0,0.09000000000000001,-0.09000000000000001,0,0.01,0.0,jpeg_q30,rotation,,,,
1,M2,0.1,-46.52769088745117,_worst,cross-family composite,0.0,0.0,0.1,-0.1,0,0.0,0.0,noise+blurring+jpeg,rotation+cropping+jpeg,,,,
1,M2,0.1,-46.52769088745117,_worst,same-family composite,0.002,0.016,0.098,-0.098,0,0.002,0.016,blurring+noise,jpeg+cropping,,,,
1,M3,0.1,-50.30912780761719,blurring,ID-single,0.076,0.998,0.024000000000000007,-0.024000000000000007,0,,,,,,,,
1,M3,0.1,-50.30912780761719,blurring+noise,same-family composite,0.138,1.0,0.038000000000000006,0.038000000000000006,1,,,,,,,,
1,M3,0.1,-50.30912780761719,cropping,ID-single,0.088,0.808,0.01200000000000001,-0.01200000000000001,0,,,,,,,,
1,M3,0.1,-50.30912780761719,cropping+jpeg,same-family composite,0.066,0.65,0.034,-0.034,0,,,,,,,,
1,M3,0.1,-50.30912780761719,jpeg+cropping,same-family composite,0.05,0.552,0.05,-0.05,0,,,,,,,,
1,M3,0.1,-50.30912780761719,jpeg_q30,ID-single,0.052,0.998,0.04800000000000001,-0.04800000000000001,0,,,,,,,,
1,M3,0.1,-50.30912780761719,jpeg_q50,ID-single,0.058,1.0,0.042,-0.042,0,,,,,,,,
1,M3,0.1,-50.30912780761719,jpeg_q70,ID-single,0.07,1.0,0.03,-0.03,0,,,,,,,,
1,M3,0.1,-50.30912780761719,jpeg_q90,ID-single,0.086,1.0,0.014000000000000012,-0.014000000000000012,0,,,,,,,,
1,M3,0.1,-50.30912780761719,noise+blurring+jpeg,cross-family composite,0.034,0.982,0.066,-0.066,0,,,,,,,,
1,M3,0.1,-50.30912780761719,noise_s001,ID-single,0.086,1.0,0.014000000000000012,-0.014000000000000012,0,,,,,,,,
1,M3,0.1,-50.30912780761719,noise_s003,ID-single,0.118,1.0,0.017999999999999988,0.017999999999999988,1,,,,,,,,
1,M3,0.1,-50.30912780761719,noise_s005,ID-single,0.136,1.0,0.036000000000000004,0.036000000000000004,1,,,,,,,,
1,M3,0.1,-50.30912780761719,noise_s008,ID-single,0.128,1.0,0.027999999999999997,0.027999999999999997,1,,,,,,,,
1,M3,0.1,-50.30912780761719,none,ID-single,0.088,1.0,0.01200000000000001,-0.01200000000000001,0,,,,,,,,
1,M3,0.1,-50.30912780761719,rotation,ID-single,0.01,0.134,0.09000000000000001,-0.09000000000000001,0,,,,,,,,
1,M3,0.1,-50.30912780761719,rotation+cropping+jpeg,cross-family composite,0.02,0.09,0.08,-0.08,0,,,,,,,,
1,M3,0.1,-50.30912780761719,_worst,ID-single,0.136,0.134,0.036000000000000004,0.036000000000000004,3,0.136,0.134,noise_s005,rotation,,,,
1,M3,0.1,-50.30912780761719,_worst,cross-family composite,0.034,0.09,0.066,-0.066,0,0.034,0.09,noise+blurring+jpeg,rotation+cropping+jpeg,,,,
1,M3,0.1,-50.30912780761719,_worst,same-family composite,0.138,0.552,0.038000000000000006,0.038000000000000006,1,0.138,0.552,blurring+noise,jpeg+cropping,,,,
1,M1,0.01,-46.14354853057861,blurring,ID-single,0.002,0.982,0.008,-0.008,0,,,,,,,,
1,M1,0.01,-46.14354853057861,blurring+noise,same-family composite,0.0,0.938,0.01,-0.01,0,,,,,,,,
1,M1,0.01,-46.14354853057861,cropping,ID-single,0.0,0.096,0.01,-0.01,0,,,,,,,,
1,M1,0.01,-46.14354853057861,cropping+jpeg,same-family composite,0.0,0.022,0.01,-0.01,0,,,,,,,,
1,M1,0.01,-46.14354853057861,jpeg+cropping,same-family composite,0.0,0.01,0.01,-0.01,0,,,,,,,,
1,M1,0.01,-46.14354853057861,jpeg_q30,ID-single,0.006,0.844,0.004,-0.004,0,,,,,,,,
1,M1,0.01,-46.14354853057861,jpeg_q50,ID-single,0.0,0.898,0.01,-0.01,0,,,,,,,,
1,M1,0.01,-46.14354853057861,jpeg_q70,ID-single,0.0,0.976,0.01,-0.01,0,,,,,,,,
1,M1,0.01,-46.14354853057861,jpeg_q90,ID-single,0.0,0.984,0.01,-0.01,0,,,,,,,,
1,M1,0.01,-46.14354853057861,noise+blurring+jpeg,cross-family composite,0.0,0.766,0.01,-0.01,0,,,,,,,,
1,M1,0.01,-46.14354853057861,noise_s001,ID-single,0.0,0.982,0.01,-0.01,0,,,,,,,,
1,M1,0.01,-46.14354853057861,noise_s003,ID-single,0.0,0.974,0.01,-0.01,0,,,,,,,,
1,M1,0.01,-46.14354853057861,noise_s005,ID-single,0.0,0.942,0.01,-0.01,0,,,,,,,,
1,M1,0.01,-46.14354853057861,noise_s008,ID-single,0.0,0.824,0.01,-0.01,0,,,,,,,,
1,M1,0.01,-46.14354853057861,none,ID-single,0.0,0.984,0.01,-0.01,0,,,,,,,,
1,M1,0.01,-46.14354853057861,rotation,ID-single,0.0,0.0,0.01,-0.01,0,,,,,,,,
1,M1,0.01,-46.14354853057861,rotation+cropping+jpeg,cross-family composite,0.0,0.0,0.01,-0.01,0,,,,,,,,
1,M1,0.01,-46.14354853057861,_worst,ID-single,0.006,0.0,0.004,-0.004,0,0.006,0.0,jpeg_q30,rotation,,,,
1,M1,0.01,-46.14354853057861,_worst,cross-family composite,0.0,0.0,0.01,-0.01,0,0.0,0.0,noise+blurring+jpeg,rotation+cropping+jpeg,,,,
1,M1,0.01,-46.14354853057861,_worst,same-family composite,0.0,0.01,0.01,-0.01,0,0.0,0.01,blurring+noise,jpeg+cropping,,,,
1,M2,0.01,-46.52769088745117,blurring,ID-single,0.002,0.99,0.008,-0.008,0,,,,,,,,
1,M2,0.01,-46.52769088745117,blurring+noise,same-family composite,0.002,0.966,0.008,-0.008,0,,,,,,,,
1,M2,0.01,-46.52769088745117,cropping,ID-single,0.0,0.148,0.01,-0.01,0,,,,,,,,
1,M2,0.01,-46.52769088745117,cropping+jpeg,same-family composite,0.0,0.032,0.01,-0.01,0,,,,,,,,
1,M2,0.01,-46.52769088745117,jpeg+cropping,same-family composite,0.002,0.016,0.008,-0.008,0,,,,,,,,
1,M2,0.01,-46.52769088745117,jpeg_q30,ID-single,0.01,0.878,0.0,0.0,0,,,,,,,,
1,M2,0.01,-46.52769088745117,jpeg_q50,ID-single,0.0,0.924,0.01,-0.01,0,,,,,,,,
1,M2,0.01,-46.52769088745117,jpeg_q70,ID-single,0.0,0.984,0.01,-0.01,0,,,,,,,,
1,M2,0.01,-46.52769088745117,jpeg_q90,ID-single,0.002,0.986,0.008,-0.008,0,,,,,,,,
1,M2,0.01,-46.52769088745117,noise+blurring+jpeg,cross-family composite,0.0,0.8,0.01,-0.01,0,,,,,,,,
1,M2,0.01,-46.52769088745117,noise_s001,ID-single,0.0,0.984,0.01,-0.01,0,,,,,,,,
1,M2,0.01,-46.52769088745117,noise_s003,ID-single,0.002,0.986,0.008,-0.008,0,,,,,,,,
1,M2,0.01,-46.52769088745117,noise_s005,ID-single,0.0,0.966,0.01,-0.01,0,,,,,,,,
1,M2,0.01,-46.52769088745117,noise_s008,ID-single,0.0,0.86,0.01,-0.01,0,,,,,,,,
1,M2,0.01,-46.52769088745117,none,ID-single,0.0,0.988,0.01,-0.01,0,,,,,,,,
1,M2,0.01,-46.52769088745117,rotation,ID-single,0.0,0.0,0.01,-0.01,0,,,,,,,,
1,M2,0.01,-46.52769088745117,rotation+cropping+jpeg,cross-family composite,0.0,0.0,0.01,-0.01,0,,,,,,,,
1,M2,0.01,-46.52769088745117,_worst,ID-single,0.01,0.0,0.0,0.0,0,0.01,0.0,jpeg_q30,rotation,,,,
1,M2,0.01,-46.52769088745117,_worst,cross-family composite,0.0,0.0,0.01,-0.01,0,0.0,0.0,noise+blurring+jpeg,rotation+cropping+jpeg,,,,
1,M2,0.01,-46.52769088745117,_worst,same-family composite,0.002,0.016,0.008,-0.008,0,0.002,0.016,blurring+noise,jpeg+cropping,,,,
1,M3,0.01,-47.264381408691406,blurring,ID-single,0.006,0.992,0.004,-0.004,0,,,,,,,,
1,M3,0.01,-47.264381408691406,blurring+noise,same-family composite,0.008,0.982,0.002,-0.002,0,,,,,,,,
1,M3,0.01,-47.264381408691406,cropping,ID-single,0.004,0.3,0.006,-0.006,0,,,,,,,,
1,M3,0.01,-47.264381408691406,cropping+jpeg,same-family composite,0.004,0.092,0.006,-0.006,0,,,,,,,,
1,M3,0.01,-47.264381408691406,jpeg+cropping,same-family composite,0.002,0.044,0.008,-0.008,0,,,,,,,,
1,M3,0.01,-47.264381408691406,jpeg_q30,ID-single,0.012,0.93,0.002,0.002,1,,,,,,,,
1,M3,0.01,-47.264381408691406,jpeg_q50,ID-single,0.0,0.962,0.01,-0.01,0,,,,,,,,
1,M3,0.01,-47.264381408691406,jpeg_q70,ID-single,0.0,0.992,0.01,-0.01,0,,,,,,,,
1,M3,0.01,-47.264381408691406,jpeg_q90,ID-single,0.006,0.994,0.004,-0.004,0,,,,,,,,
1,M3,0.01,-47.264381408691406,noise+blurring+jpeg,cross-family composite,0.0,0.862,0.01,-0.01,0,,,,,,,,
1,M3,0.01,-47.264381408691406,noise_s001,ID-single,0.004,0.996,0.006,-0.006,0,,,,,,,,
1,M3,0.01,-47.264381408691406,noise_s003,ID-single,0.01,0.996,0.0,0.0,0,,,,,,,,
1,M3,0.01,-47.264381408691406,noise_s005,ID-single,0.006,0.99,0.004,-0.004,0,,,,,,,,
1,M3,0.01,-47.264381408691406,noise_s008,ID-single,0.002,0.93,0.008,-0.008,0,,,,,,,,
1,M3,0.01,-47.264381408691406,none,ID-single,0.002,0.998,0.008,-0.008,0,,,,,,,,
1,M3,0.01,-47.264381408691406,rotation,ID-single,0.0,0.0,0.01,-0.01,0,,,,,,,,
1,M3,0.01,-47.264381408691406,rotation+cropping+jpeg,cross-family composite,0.0,0.0,0.01,-0.01,0,,,,,,,,
1,M3,0.01,-47.264381408691406,_worst,ID-single,0.012,0.0,0.002,0.002,1,0.012,0.0,jpeg_q30,rotation,,,,
1,M3,0.01,-47.264381408691406,_worst,cross-family composite,0.0,0.0,0.01,-0.01,0,0.0,0.0,noise+blurring+jpeg,rotation+cropping+jpeg,,,,
1,M3,0.01,-47.264381408691406,_worst,same-family composite,0.008,0.044,0.002,-0.002,0,0.008,0.044,blurring+noise,jpeg+cropping,,,,
2,M1,0.05,-46.10303733253479,blurring,ID-single,0.0,0.976,0.05,-0.05,0,,,,,,,,
2,M1,0.05,-46.10303733253479,blurring+noise,same-family composite,0.0,0.92,0.05,-0.05,0,,,,,,,,
2,M1,0.05,-46.10303733253479,cropping,ID-single,0.0,0.11,0.05,-0.05,0,,,,,,,,
2,M1,0.05,-46.10303733253479,cropping+jpeg,same-family composite,0.0,0.024,0.05,-0.05,0,,,,,,,,
2,M1,0.05,-46.10303733253479,jpeg+cropping,same-family composite,0.0,0.014,0.05,-0.05,0,,,,,,,,
2,M1,0.05,-46.10303733253479,jpeg_q30,ID-single,0.002,0.82,0.048,-0.048,0,,,,,,,,
2,M1,0.05,-46.10303733253479,jpeg_q50,ID-single,0.002,0.91,0.048,-0.048,0,,,,,,,,
2,M1,0.05,-46.10303733253479,jpeg_q70,ID-single,0.0,0.966,0.05,-0.05,0,,,,,,,,
2,M1,0.05,-46.10303733253479,jpeg_q90,ID-single,0.0,0.98,0.05,-0.05,0,,,,,,,,
2,M1,0.05,-46.10303733253479,noise+blurring+jpeg,cross-family composite,0.0,0.77,0.05,-0.05,0,,,,,,,,
2,M1,0.05,-46.10303733253479,noise_s001,ID-single,0.0,0.978,0.05,-0.05,0,,,,,,,,
2,M1,0.05,-46.10303733253479,noise_s003,ID-single,0.0,0.958,0.05,-0.05,0,,,,,,,,
2,M1,0.05,-46.10303733253479,noise_s005,ID-single,0.0,0.934,0.05,-0.05,0,,,,,,,,
2,M1,0.05,-46.10303733253479,noise_s008,ID-single,0.002,0.826,0.048,-0.048,0,,,,,,,,
2,M1,0.05,-46.10303733253479,none,ID-single,0.0,0.982,0.05,-0.05,0,,,,,,,,
2,M1,0.05,-46.10303733253479,rotation,ID-single,0.0,0.0,0.05,-0.05,0,,,,,,,,
2,M1,0.05,-46.10303733253479,rotation+cropping+jpeg,cross-family composite,0.0,0.0,0.05,-0.05,0,,,,,,,,
2,M1,0.05,-46.10303733253479,_worst,ID-single,0.002,0.0,0.048,-0.048,0,0.002,0.0,jpeg_q30,rotation,,,,
2,M1,0.05,-46.10303733253479,_worst,cross-family composite,0.0,0.0,0.05,-0.05,0,0.0,0.0,noise+blurring+jpeg,rotation+cropping+jpeg,,,,
2,M1,0.05,-46.10303733253479,_worst,same-family composite,0.0,0.014,0.05,-0.05,0,0.0,0.014,blurring+noise,jpeg+cropping,,,,
2,M2,0.05,-46.79324722290039,blurring,ID-single,0.0,0.986,0.05,-0.05,0,,,,,,,,
2,M2,0.05,-46.79324722290039,blurring+noise,same-family composite,0.002,0.96,0.048,-0.048,0,,,,,,,,
2,M2,0.05,-46.79324722290039,cropping,ID-single,0.0,0.196,0.05,-0.05,0,,,,,,,,
2,M2,0.05,-46.79324722290039,cropping+jpeg,same-family composite,0.002,0.062,0.048,-0.048,0,,,,,,,,
2,M2,0.05,-46.79324722290039,jpeg+cropping,same-family composite,0.0,0.034,0.05,-0.05,0,,,,,,,,
2,M2,0.05,-46.79324722290039,jpeg_q30,ID-single,0.006,0.892,0.044000000000000004,-0.044000000000000004,0,,,,,,,,
2,M2,0.05,-46.79324722290039,jpeg_q50,ID-single,0.002,0.948,0.048,-0.048,0,,,,,,,,
2,M2,0.05,-46.79324722290039,jpeg_q70,ID-single,0.0,0.978,0.05,-0.05,0,,,,,,,,
2,M2,0.05,-46.79324722290039,jpeg_q90,ID-single,0.0,0.99,0.05,-0.05,0,,,,,,,,
2,M2,0.05,-46.79324722290039,noise+blurring+jpeg,cross-family composite,0.0,0.846,0.05,-0.05,0,,,,,,,,
2,M2,0.05,-46.79324722290039,noise_s001,ID-single,0.0,0.99,0.05,-0.05,0,,,,,,,,
2,M2,0.05,-46.79324722290039,noise_s003,ID-single,0.0,0.976,0.05,-0.05,0,,,,,,,,
2,M2,0.05,-46.79324722290039,noise_s005,ID-single,0.002,0.958,0.048,-0.048,0,,,,,,,,
2,M2,0.05,-46.79324722290039,noise_s008,ID-single,0.002,0.894,0.048,-0.048,0,,,,,,,,
2,M2,0.05,-46.79324722290039,none,ID-single,0.0,0.992,0.05,-0.05,0,,,,,,,,
2,M2,0.05,-46.79324722290039,rotation,ID-single,0.0,0.0,0.05,-0.05,0,,,,,,,,
2,M2,0.05,-46.79324722290039,rotation+cropping+jpeg,cross-family composite,0.002,0.002,0.048,-0.048,0,,,,,,,,
2,M2,0.05,-46.79324722290039,_worst,ID-single,0.006,0.0,0.044000000000000004,-0.044000000000000004,0,0.006,0.0,jpeg_q30,rotation,,,,
2,M2,0.05,-46.79324722290039,_worst,cross-family composite,0.002,0.002,0.048,-0.048,0,0.002,0.002,rotation+cropping+jpeg,rotation+cropping+jpeg,,,,
2,M2,0.05,-46.79324722290039,_worst,same-family composite,0.002,0.034,0.048,-0.048,0,0.002,0.034,blurring+noise,jpeg+cropping,,,,
2,M3,0.05,-49.36642837524414,blurring,ID-single,0.034,1.0,0.016,-0.016,0,,,,,,,,
2,M3,0.05,-49.36642837524414,blurring+noise,same-family composite,0.074,0.998,0.023999999999999994,0.023999999999999994,1,,,,,,,,
2,M3,0.05,-49.36642837524414,cropping,ID-single,0.034,0.704,0.016,-0.016,0,,,,,,,,
2,M3,0.05,-49.36642837524414,cropping+jpeg,same-family composite,0.022,0.442,0.028000000000000004,-0.028000000000000004,0,,,,,,,,
2,M3,0.05,-49.36642837524414,jpeg+cropping,same-family composite,0.016,0.316,0.034,-0.034,0,,,,,,,,
2,M3,0.05,-49.36642837524414,jpeg_q30,ID-single,0.03,0.988,0.020000000000000004,-0.020000000000000004,0,,,,,,,,
2,M3,0.05,-49.36642837524414,jpeg_q50,ID-single,0.018,0.994,0.032,-0.032,0,,,,,,,,
2,M3,0.05,-49.36642837524414,jpeg_q70,ID-single,0.038,0.998,0.012000000000000004,-0.012000000000000004,0,,,,,,,,
2,M3,0.05,-49.36642837524414,jpeg_q90,ID-single,0.042,1.0,0.008,-0.008,0,,,,,,,,
2,M3,0.05,-49.36642837524414,noise+blurring+jpeg,cross-family composite,0.012,0.976,0.038000000000000006,-0.038000000000000006,0,,,,,,,,
2,M3,0.05,-49.36642837524414,noise_s001,ID-single,0.046,1.0,0.0040000000000000036,-0.0040000000000000036,0,,,,,,,,
2,M3,0.05,-49.36642837524414,noise_s003,ID-single,0.052,1.0,0.001999999999999995,0.001999999999999995,1,,,,,,,,
2,M3,0.05,-49.36642837524414,noise_s005,ID-single,0.068,0.998,0.018000000000000002,0.018000000000000002,1,,,,,,,,
2,M3,0.05,-49.36642837524414,noise_s008,ID-single,0.068,0.994,0.018000000000000002,0.018000000000000002,1,,,,,,,,
2,M3,0.05,-49.36642837524414,none,ID-single,0.042,1.0,0.008,-0.008,0,,,,,,,,
2,M3,0.05,-49.36642837524414,rotation,ID-single,0.004,0.054,0.046,-0.046,0,,,,,,,,
2,M3,0.05,-49.36642837524414,rotation+cropping+jpeg,cross-family composite,0.014,0.034,0.036000000000000004,-0.036000000000000004,0,,,,,,,,
2,M3,0.05,-49.36642837524414,_worst,ID-single,0.068,0.054,0.018000000000000002,0.018000000000000002,3,0.068,0.054,noise_s005,rotation,,,,
2,M3,0.05,-49.36642837524414,_worst,cross-family composite,0.014,0.034,0.036000000000000004,-0.036000000000000004,0,0.014,0.034,rotation+cropping+jpeg,rotation+cropping+jpeg,,,,
2,M3,0.05,-49.36642837524414,_worst,same-family composite,0.074,0.316,0.023999999999999994,0.023999999999999994,1,0.074,0.316,blurring+noise,jpeg+cropping,,,,
2,M1,0.1,-46.10303733253479,blurring,ID-single,0.0,0.976,0.1,-0.1,0,,,,,,,,
2,M1,0.1,-46.10303733253479,blurring+noise,same-family composite,0.0,0.92,0.1,-0.1,0,,,,,,,,
2,M1,0.1,-46.10303733253479,cropping,ID-single,0.0,0.11,0.1,-0.1,0,,,,,,,,
2,M1,0.1,-46.10303733253479,cropping+jpeg,same-family composite,0.0,0.024,0.1,-0.1,0,,,,,,,,
2,M1,0.1,-46.10303733253479,jpeg+cropping,same-family composite,0.0,0.014,0.1,-0.1,0,,,,,,,,
2,M1,0.1,-46.10303733253479,jpeg_q30,ID-single,0.002,0.82,0.098,-0.098,0,,,,,,,,
2,M1,0.1,-46.10303733253479,jpeg_q50,ID-single,0.002,0.91,0.098,-0.098,0,,,,,,,,
2,M1,0.1,-46.10303733253479,jpeg_q70,ID-single,0.0,0.966,0.1,-0.1,0,,,,,,,,
2,M1,0.1,-46.10303733253479,jpeg_q90,ID-single,0.0,0.98,0.1,-0.1,0,,,,,,,,
2,M1,0.1,-46.10303733253479,noise+blurring+jpeg,cross-family composite,0.0,0.77,0.1,-0.1,0,,,,,,,,
2,M1,0.1,-46.10303733253479,noise_s001,ID-single,0.0,0.978,0.1,-0.1,0,,,,,,,,
2,M1,0.1,-46.10303733253479,noise_s003,ID-single,0.0,0.958,0.1,-0.1,0,,,,,,,,
2,M1,0.1,-46.10303733253479,noise_s005,ID-single,0.0,0.934,0.1,-0.1,0,,,,,,,,
2,M1,0.1,-46.10303733253479,noise_s008,ID-single,0.002,0.826,0.098,-0.098,0,,,,,,,,
2,M1,0.1,-46.10303733253479,none,ID-single,0.0,0.982,0.1,-0.1,0,,,,,,,,
2,M1,0.1,-46.10303733253479,rotation,ID-single,0.0,0.0,0.1,-0.1,0,,,,,,,,
2,M1,0.1,-46.10303733253479,rotation+cropping+jpeg,cross-family composite,0.0,0.0,0.1,-0.1,0,,,,,,,,
2,M1,0.1,-46.10303733253479,_worst,ID-single,0.002,0.0,0.098,-0.098,0,0.002,0.0,jpeg_q30,rotation,,,,
2,M1,0.1,-46.10303733253479,_worst,cross-family composite,0.0,0.0,0.1,-0.1,0,0.0,0.0,noise+blurring+jpeg,rotation+cropping+jpeg,,,,
2,M1,0.1,-46.10303733253479,_worst,same-family composite,0.0,0.014,0.1,-0.1,0,0.0,0.014,blurring+noise,jpeg+cropping,,,,
2,M2,0.1,-46.79324722290039,blurring,ID-single,0.0,0.986,0.1,-0.1,0,,,,,,,,
2,M2,0.1,-46.79324722290039,blurring+noise,same-family composite,0.002,0.96,0.098,-0.098,0,,,,,,,,
2,M2,0.1,-46.79324722290039,cropping,ID-single,0.0,0.196,0.1,-0.1,0,,,,,,,,
2,M2,0.1,-46.79324722290039,cropping+jpeg,same-family composite,0.002,0.062,0.098,-0.098,0,,,,,,,,
2,M2,0.1,-46.79324722290039,jpeg+cropping,same-family composite,0.0,0.034,0.1,-0.1,0,,,,,,,,
2,M2,0.1,-46.79324722290039,jpeg_q30,ID-single,0.006,0.892,0.094,-0.094,0,,,,,,,,
2,M2,0.1,-46.79324722290039,jpeg_q50,ID-single,0.002,0.948,0.098,-0.098,0,,,,,,,,
2,M2,0.1,-46.79324722290039,jpeg_q70,ID-single,0.0,0.978,0.1,-0.1,0,,,,,,,,
2,M2,0.1,-46.79324722290039,jpeg_q90,ID-single,0.0,0.99,0.1,-0.1,0,,,,,,,,
2,M2,0.1,-46.79324722290039,noise+blurring+jpeg,cross-family composite,0.0,0.846,0.1,-0.1,0,,,,,,,,
2,M2,0.1,-46.79324722290039,noise_s001,ID-single,0.0,0.99,0.1,-0.1,0,,,,,,,,
2,M2,0.1,-46.79324722290039,noise_s003,ID-single,0.0,0.976,0.1,-0.1,0,,,,,,,,
2,M2,0.1,-46.79324722290039,noise_s005,ID-single,0.002,0.958,0.098,-0.098,0,,,,,,,,
2,M2,0.1,-46.79324722290039,noise_s008,ID-single,0.002,0.894,0.098,-0.098,0,,,,,,,,
2,M2,0.1,-46.79324722290039,none,ID-single,0.0,0.992,0.1,-0.1,0,,,,,,,,
2,M2,0.1,-46.79324722290039,rotation,ID-single,0.0,0.0,0.1,-0.1,0,,,,,,,,
2,M2,0.1,-46.79324722290039,rotation+cropping+jpeg,cross-family composite,0.002,0.002,0.098,-0.098,0,,,,,,,,
2,M2,0.1,-46.79324722290039,_worst,ID-single,0.006,0.0,0.094,-0.094,0,0.006,0.0,jpeg_q30,rotation,,,,
2,M2,0.1,-46.79324722290039,_worst,cross-family composite,0.002,0.002,0.098,-0.098,0,0.002,0.002,rotation+cropping+jpeg,rotation+cropping+jpeg,,,,
2,M2,0.1,-46.79324722290039,_worst,same-family composite,0.002,0.034,0.098,-0.098,0,0.002,0.034,blurring+noise,jpeg+cropping,,,,
2,M3,0.1,-50.4855842590332,blurring,ID-single,0.07,1.0,0.03,-0.03,0,,,,,,,,
2,M3,0.1,-50.4855842590332,blurring+noise,same-family composite,0.126,1.0,0.025999999999999995,0.025999999999999995,1,,,,,,,,
2,M3,0.1,-50.4855842590332,cropping,ID-single,0.086,0.842,0.014000000000000012,-0.014000000000000012,0,,,,,,,,
2,M3,0.1,-50.4855842590332,cropping+jpeg,same-family composite,0.066,0.674,0.034,-0.034,0,,,,,,,,
2,M3,0.1,-50.4855842590332,jpeg+cropping,same-family composite,0.044,0.578,0.05600000000000001,-0.05600000000000001,0,,,,,,,,
2,M3,0.1,-50.4855842590332,jpeg_q30,ID-single,0.06,0.994,0.04000000000000001,-0.04000000000000001,0,,,,,,,,
2,M3,0.1,-50.4855842590332,jpeg_q50,ID-single,0.068,1.0,0.032,-0.032,0,,,,,,,,
2,M3,0.1,-50.4855842590332,jpeg_q70,ID-single,0.068,1.0,0.032,-0.032,0,,,,,,,,
2,M3,0.1,-50.4855842590332,jpeg_q90,ID-single,0.086,1.0,0.014000000000000012,-0.014000000000000012,0,,,,,,,,
2,M3,0.1,-50.4855842590332,noise+blurring+jpeg,cross-family composite,0.046,0.984,0.054000000000000006,-0.054000000000000006,0,,,,,,,,
2,M3,0.1,-50.4855842590332,noise_s001,ID-single,0.082,1.0,0.018000000000000002,-0.018000000000000002,0,,,,,,,,
2,M3,0.1,-50.4855842590332,noise_s003,ID-single,0.102,1.0,0.001999999999999988,0.001999999999999988,1,,,,,,,,
2,M3,0.1,-50.4855842590332,noise_s005,ID-single,0.118,1.0,0.017999999999999988,0.017999999999999988,1,,,,,,,,
2,M3,0.1,-50.4855842590332,noise_s008,ID-single,0.138,0.998,0.038000000000000006,0.038000000000000006,1,,,,,,,,
2,M3,0.1,-50.4855842590332,none,ID-single,0.088,1.0,0.01200000000000001,-0.01200000000000001,0,,,,,,,,
2,M3,0.1,-50.4855842590332,rotation,ID-single,0.008,0.146,0.092,-0.092,0,,,,,,,,
2,M3,0.1,-50.4855842590332,rotation+cropping+jpeg,cross-family composite,0.028,0.098,0.07200000000000001,-0.07200000000000001,0,,,,,,,,
2,M3,0.1,-50.4855842590332,_worst,ID-single,0.138,0.146,0.038000000000000006,0.038000000000000006,3,0.138,0.146,noise_s008,rotation,,,,
2,M3,0.1,-50.4855842590332,_worst,cross-family composite,0.046,0.098,0.054000000000000006,-0.054000000000000006,0,0.046,0.098,noise+blurring+jpeg,rotation+cropping+jpeg,,,,
2,M3,0.1,-50.4855842590332,_worst,same-family composite,0.126,0.578,0.025999999999999995,0.025999999999999995,1,0.126,0.578,blurring+noise,jpeg+cropping,,,,
2,M1,0.01,-46.10303733253479,blurring,ID-single,0.0,0.976,0.01,-0.01,0,,,,,,,,
2,M1,0.01,-46.10303733253479,blurring+noise,same-family composite,0.0,0.92,0.01,-0.01,0,,,,,,,,
2,M1,0.01,-46.10303733253479,cropping,ID-single,0.0,0.11,0.01,-0.01,0,,,,,,,,
2,M1,0.01,-46.10303733253479,cropping+jpeg,same-family composite,0.0,0.024,0.01,-0.01,0,,,,,,,,
2,M1,0.01,-46.10303733253479,jpeg+cropping,same-family composite,0.0,0.014,0.01,-0.01,0,,,,,,,,
2,M1,0.01,-46.10303733253479,jpeg_q30,ID-single,0.002,0.82,0.008,-0.008,0,,,,,,,,
2,M1,0.01,-46.10303733253479,jpeg_q50,ID-single,0.002,0.91,0.008,-0.008,0,,,,,,,,
2,M1,0.01,-46.10303733253479,jpeg_q70,ID-single,0.0,0.966,0.01,-0.01,0,,,,,,,,
2,M1,0.01,-46.10303733253479,jpeg_q90,ID-single,0.0,0.98,0.01,-0.01,0,,,,,,,,
2,M1,0.01,-46.10303733253479,noise+blurring+jpeg,cross-family composite,0.0,0.77,0.01,-0.01,0,,,,,,,,
2,M1,0.01,-46.10303733253479,noise_s001,ID-single,0.0,0.978,0.01,-0.01,0,,,,,,,,
2,M1,0.01,-46.10303733253479,noise_s003,ID-single,0.0,0.958,0.01,-0.01,0,,,,,,,,
2,M1,0.01,-46.10303733253479,noise_s005,ID-single,0.0,0.934,0.01,-0.01,0,,,,,,,,
2,M1,0.01,-46.10303733253479,noise_s008,ID-single,0.002,0.826,0.008,-0.008,0,,,,,,,,
2,M1,0.01,-46.10303733253479,none,ID-single,0.0,0.982,0.01,-0.01,0,,,,,,,,
2,M1,0.01,-46.10303733253479,rotation,ID-single,0.0,0.0,0.01,-0.01,0,,,,,,,,
2,M1,0.01,-46.10303733253479,rotation+cropping+jpeg,cross-family composite,0.0,0.0,0.01,-0.01,0,,,,,,,,
2,M1,0.01,-46.10303733253479,_worst,ID-single,0.002,0.0,0.008,-0.008,0,0.002,0.0,jpeg_q30,rotation,,,,
2,M1,0.01,-46.10303733253479,_worst,cross-family composite,0.0,0.0,0.01,-0.01,0,0.0,0.0,noise+blurring+jpeg,rotation+cropping+jpeg,,,,
2,M1,0.01,-46.10303733253479,_worst,same-family composite,0.0,0.014,0.01,-0.01,0,0.0,0.014,blurring+noise,jpeg+cropping,,,,
2,M2,0.01,-46.79324722290039,blurring,ID-single,0.0,0.986,0.01,-0.01,0,,,,,,,,
2,M2,0.01,-46.79324722290039,blurring+noise,same-family composite,0.002,0.96,0.008,-0.008,0,,,,,,,,
2,M2,0.01,-46.79324722290039,cropping,ID-single,0.0,0.196,0.01,-0.01,0,,,,,,,,
2,M2,0.01,-46.79324722290039,cropping+jpeg,same-family composite,0.002,0.062,0.008,-0.008,0,,,,,,,,
2,M2,0.01,-46.79324722290039,jpeg+cropping,same-family composite,0.0,0.034,0.01,-0.01,0,,,,,,,,
2,M2,0.01,-46.79324722290039,jpeg_q30,ID-single,0.006,0.892,0.004,-0.004,0,,,,,,,,
2,M2,0.01,-46.79324722290039,jpeg_q50,ID-single,0.002,0.948,0.008,-0.008,0,,,,,,,,
2,M2,0.01,-46.79324722290039,jpeg_q70,ID-single,0.0,0.978,0.01,-0.01,0,,,,,,,,
2,M2,0.01,-46.79324722290039,jpeg_q90,ID-single,0.0,0.99,0.01,-0.01,0,,,,,,,,
2,M2,0.01,-46.79324722290039,noise+blurring+jpeg,cross-family composite,0.0,0.846,0.01,-0.01,0,,,,,,,,
2,M2,0.01,-46.79324722290039,noise_s001,ID-single,0.0,0.99,0.01,-0.01,0,,,,,,,,
2,M2,0.01,-46.79324722290039,noise_s003,ID-single,0.0,0.976,0.01,-0.01,0,,,,,,,,
2,M2,0.01,-46.79324722290039,noise_s005,ID-single,0.002,0.958,0.008,-0.008,0,,,,,,,,
2,M2,0.01,-46.79324722290039,noise_s008,ID-single,0.002,0.894,0.008,-0.008,0,,,,,,,,
2,M2,0.01,-46.79324722290039,none,ID-single,0.0,0.992,0.01,-0.01,0,,,,,,,,
2,M2,0.01,-46.79324722290039,rotation,ID-single,0.0,0.0,0.01,-0.01,0,,,,,,,,
2,M2,0.01,-46.79324722290039,rotation+cropping+jpeg,cross-family composite,0.002,0.002,0.008,-0.008,0,,,,,,,,
2,M2,0.01,-46.79324722290039,_worst,ID-single,0.006,0.0,0.004,-0.004,0,0.006,0.0,jpeg_q30,rotation,,,,
2,M2,0.01,-46.79324722290039,_worst,cross-family composite,0.002,0.002,0.008,-0.008,0,0.002,0.002,rotation+cropping+jpeg,rotation+cropping+jpeg,,,,
2,M2,0.01,-46.79324722290039,_worst,same-family composite,0.002,0.034,0.008,-0.008,0,0.002,0.034,blurring+noise,jpeg+cropping,,,,
2,M3,0.01,-47.328914642333984,blurring,ID-single,0.002,0.994,0.008,-0.008,0,,,,,,,,
2,M3,0.01,-47.328914642333984,blurring+noise,same-family composite,0.01,0.978,0.0,0.0,0,,,,,,,,
2,M3,0.01,-47.328914642333984,cropping,ID-single,0.0,0.284,0.01,-0.01,0,,,,,,,,
2,M3,0.01,-47.328914642333984,cropping+jpeg,same-family composite,0.004,0.104,0.006,-0.006,0,,,,,,,,
2,M3,0.01,-47.328914642333984,jpeg+cropping,same-family composite,0.002,0.064,0.008,-0.008,0,,,,,,,,
2,M3,0.01,-47.328914642333984,jpeg_q30,ID-single,0.006,0.92,0.004,-0.004,0,,,,,,,,
2,M3,0.01,-47.328914642333984,jpeg_q50,ID-single,0.004,0.954,0.006,-0.006,0,,,,,,,,
2,M3,0.01,-47.328914642333984,jpeg_q70,ID-single,0.0,0.992,0.01,-0.01,0,,,,,,,,
2,M3,0.01,-47.328914642333984,jpeg_q90,ID-single,0.0,0.994,0.01,-0.01,0,,,,,,,,
2,M3,0.01,-47.328914642333984,noise+blurring+jpeg,cross-family composite,0.0,0.868,0.01,-0.01,0,,,,,,,,
2,M3,0.01,-47.328914642333984,noise_s001,ID-single,0.0,0.996,0.01,-0.01,0,,,,,,,,
2,M3,0.01,-47.328914642333984,noise_s003,ID-single,0.006,0.984,0.004,-0.004,0,,,,,,,,
2,M3,0.01,-47.328914642333984,noise_s005,ID-single,0.004,0.976,0.006,-0.006,0,,,,,,,,
2,M3,0.01,-47.328914642333984,noise_s008,ID-single,0.004,0.928,0.006,-0.006,0,,,,,,,,
2,M3,0.01,-47.328914642333984,none,ID-single,0.0,0.996,0.01,-0.01,0,,,,,,,,
2,M3,0.01,-47.328914642333984,rotation,ID-single,0.0,0.0,0.01,-0.01,0,,,,,,,,
2,M3,0.01,-47.328914642333984,rotation+cropping+jpeg,cross-family composite,0.002,0.002,0.008,-0.008,0,,,,,,,,
2,M3,0.01,-47.328914642333984,_worst,ID-single,0.006,0.0,0.004,-0.004,0,0.006,0.0,jpeg_q30,rotation,,,,
2,M3,0.01,-47.328914642333984,_worst,cross-family composite,0.002,0.002,0.008,-0.008,0,0.002,0.002,rotation+cropping+jpeg,rotation+cropping+jpeg,,,,
2,M3,0.01,-47.328914642333984,_worst,same-family composite,0.01,0.064,0.0,0.0,0,0.01,0.064,blurring+noise,jpeg+cropping,,,,
3,M1,0.05,-46.22236493110657,blurring,ID-single,0.002,0.99,0.048,-0.048,0,,,,,,,,
3,M1,0.05,-46.22236493110657,blurring+noise,same-family composite,0.0,0.952,0.05,-0.05,0,,,,,,,,
3,M1,0.05,-46.22236493110657,cropping,ID-single,0.002,0.112,0.048,-0.048,0,,,,,,,,
3,M1,0.05,-46.22236493110657,cropping+jpeg,same-family composite,0.002,0.026,0.048,-0.048,0,,,,,,,,
3,M1,0.05,-46.22236493110657,jpeg+cropping,same-family composite,0.002,0.01,0.048,-0.048,0,,,,,,,,
3,M1,0.05,-46.22236493110657,jpeg_q30,ID-single,0.002,0.872,0.048,-0.048,0,,,,,,,,
3,M1,0.05,-46.22236493110657,jpeg_q50,ID-single,0.002,0.938,0.048,-0.048,0,,,,,,,,
3,M1,0.05,-46.22236493110657,jpeg_q70,ID-single,0.002,0.98,0.048,-0.048,0,,,,,,,,
3,M1,0.05,-46.22236493110657,jpeg_q90,ID-single,0.002,0.988,0.048,-0.048,0,,,,,,,,
3,M1,0.05,-46.22236493110657,noise+blurring+jpeg,cross-family composite,0.0,0.818,0.05,-0.05,0,,,,,,,,
3,M1,0.05,-46.22236493110657,noise_s001,ID-single,0.0,0.994,0.05,-0.05,0,,,,,,,,
3,M1,0.05,-46.22236493110657,noise_s003,ID-single,0.0,0.982,0.05,-0.05,0,,,,,,,,
3,M1,0.05,-46.22236493110657,noise_s005,ID-single,0.0,0.95,0.05,-0.05,0,,,,,,,,
3,M1,0.05,-46.22236493110657,noise_s008,ID-single,0.0,0.856,0.05,-0.05,0,,,,,,,,
3,M1,0.05,-46.22236493110657,none,ID-single,0.002,0.99,0.048,-0.048,0,,,,,,,,
3,M1,0.05,-46.22236493110657,rotation,ID-single,0.0,0.002,0.05,-0.05,0,,,,,,,,
3,M1,0.05,-46.22236493110657,rotation+cropping+jpeg,cross-family composite,0.002,0.002,0.048,-0.048,0,,,,,,,,
3,M1,0.05,-46.22236493110657,_worst,ID-single,0.002,0.002,0.048,-0.048,0,0.002,0.002,blurring,rotation,,,,
3,M1,0.05,-46.22236493110657,_worst,cross-family composite,0.002,0.002,0.048,-0.048,0,0.002,0.002,rotation+cropping+jpeg,rotation+cropping+jpeg,,,,
3,M1,0.05,-46.22236493110657,_worst,same-family composite,0.002,0.01,0.048,-0.048,0,0.002,0.01,cropping+jpeg,jpeg+cropping,,,,
3,M2,0.05,-47.019813537597656,blurring,ID-single,0.008,0.994,0.042,-0.042,0,,,,,,,,
3,M2,0.05,-47.019813537597656,blurring+noise,same-family composite,0.0,0.98,0.05,-0.05,0,,,,,,,,
3,M2,0.05,-47.019813537597656,cropping,ID-single,0.002,0.248,0.048,-0.048,0,,,,,,,,
3,M2,0.05,-47.019813537597656,cropping+jpeg,same-family composite,0.002,0.072,0.048,-0.048,0,,,,,,,,
3,M2,0.05,-47.019813537597656,jpeg+cropping,same-family composite,0.002,0.046,0.048,-0.048,0,,,,,,,,
3,M2,0.05,-47.019813537597656,jpeg_q30,ID-single,0.002,0.916,0.048,-0.048,0,,,,,,,,
3,M2,0.05,-47.019813537597656,jpeg_q50,ID-single,0.002,0.966,0.048,-0.048,0,,,,,,,,
3,M2,0.05,-47.019813537597656,jpeg_q70,ID-single,0.002,0.99,0.048,-0.048,0,,,,,,,,
3,M2,0.05,-47.019813537597656,jpeg_q90,ID-single,0.004,0.994,0.046,-0.046,0,,,,,,,,
3,M2,0.05,-47.019813537597656,noise+blurring+jpeg,cross-family composite,0.0,0.874,0.05,-0.05,0,,,,,,,,
3,M2,0.05,-47.019813537597656,noise_s001,ID-single,0.002,0.996,0.048,-0.048,0,,,,,,,,
3,M2,0.05,-47.019813537597656,noise_s003,ID-single,0.002,0.996,0.048,-0.048,0,,,,,,,,
3,M2,0.05,-47.019813537597656,noise_s005,ID-single,0.002,0.986,0.048,-0.048,0,,,,,,,,
3,M2,0.05,-47.019813537597656,noise_s008,ID-single,0.002,0.918,0.048,-0.048,0,,,,,,,,
3,M2,0.05,-47.019813537597656,none,ID-single,0.004,0.992,0.046,-0.046,0,,,,,,,,
3,M2,0.05,-47.019813537597656,rotation,ID-single,0.002,0.002,0.048,-0.048,0,,,,,,,,
3,M2,0.05,-47.019813537597656,rotation+cropping+jpeg,cross-family composite,0.002,0.002,0.048,-0.048,0,,,,,,,,
3,M2,0.05,-47.019813537597656,_worst,ID-single,0.008,0.002,0.042,-0.042,0,0.008,0.002,blurring,rotation,,,,
3,M2,0.05,-47.019813537597656,_worst,cross-family composite,0.002,0.002,0.048,-0.048,0,0.002,0.002,rotation+cropping+jpeg,rotation+cropping+jpeg,,,,
3,M2,0.05,-47.019813537597656,_worst,same-family composite,0.002,0.046,0.048,-0.048,0,0.002,0.046,cropping+jpeg,jpeg+cropping,,,,
3,M3,0.05,-49.06353759765625,blurring,ID-single,0.04,1.0,0.010000000000000002,-0.010000000000000002,0,,,,,,,,
3,M3,0.05,-49.06353759765625,blurring+noise,same-family composite,0.062,0.998,0.011999999999999997,0.011999999999999997,1,,,,,,,,
3,M3,0.05,-49.06353759765625,cropping,ID-single,0.03,0.672,0.020000000000000004,-0.020000000000000004,0,,,,,,,,
3,M3,0.05,-49.06353759765625,cropping+jpeg,same-family composite,0.016,0.412,0.034,-0.034,0,,,,,,,,
3,M3,0.05,-49.06353759765625,jpeg+cropping,same-family composite,0.01,0.346,0.04,-0.04,0,,,,,,,,
3,M3,0.05,-49.06353759765625,jpeg_q30,ID-single,0.026,0.986,0.024000000000000004,-0.024000000000000004,0,,,,,,,,
3,M3,0.05,-49.06353759765625,jpeg_q50,ID-single,0.016,0.994,0.034,-0.034,0,,,,,,,,
3,M3,0.05,-49.06353759765625,jpeg_q70,ID-single,0.02,1.0,0.030000000000000002,-0.030000000000000002,0,,,,,,,,
3,M3,0.05,-49.06353759765625,jpeg_q90,ID-single,0.03,1.0,0.020000000000000004,-0.020000000000000004,0,,,,,,,,
3,M3,0.05,-49.06353759765625,noise+blurring+jpeg,cross-family composite,0.008,0.986,0.042,-0.042,0,,,,,,,,
3,M3,0.05,-49.06353759765625,noise_s001,ID-single,0.03,1.0,0.020000000000000004,-0.020000000000000004,0,,,,,,,,
3,M3,0.05,-49.06353759765625,noise_s003,ID-single,0.048,1.0,0.0020000000000000018,-0.0020000000000000018,0,,,,,,,,
3,M3,0.05,-49.06353759765625,noise_s005,ID-single,0.068,1.0,0.018000000000000002,0.018000000000000002,1,,,,,,,,
3,M3,0.05,-49.06353759765625,noise_s008,ID-single,0.064,0.998,0.013999999999999999,0.013999999999999999,1,,,,,,,,
3,M3,0.05,-49.06353759765625,none,ID-single,0.032,1.0,0.018000000000000002,-0.018000000000000002,0,,,,,,,,
3,M3,0.05,-49.06353759765625,rotation,ID-single,0.004,0.022,0.046,-0.046,0,,,,,,,,
3,M3,0.05,-49.06353759765625,rotation+cropping+jpeg,cross-family composite,0.008,0.014,0.042,-0.042,0,,,,,,,,
3,M3,0.05,-49.06353759765625,_worst,ID-single,0.068,0.022,0.018000000000000002,0.018000000000000002,2,0.068,0.022,noise_s005,rotation,,,,
3,M3,0.05,-49.06353759765625,_worst,cross-family composite,0.008,0.014,0.042,-0.042,0,0.008,0.014,noise+blurring+jpeg,rotation+cropping+jpeg,,,,
3,M3,0.05,-49.06353759765625,_worst,same-family composite,0.062,0.346,0.011999999999999997,0.011999999999999997,1,0.062,0.346,blurring+noise,jpeg+cropping,,,,
3,M1,0.1,-46.22236493110657,blurring,ID-single,0.002,0.99,0.098,-0.098,0,,,,,,,,
3,M1,0.1,-46.22236493110657,blurring+noise,same-family composite,0.0,0.952,0.1,-0.1,0,,,,,,,,
3,M1,0.1,-46.22236493110657,cropping,ID-single,0.002,0.112,0.098,-0.098,0,,,,,,,,
3,M1,0.1,-46.22236493110657,cropping+jpeg,same-family composite,0.002,0.026,0.098,-0.098,0,,,,,,,,
3,M1,0.1,-46.22236493110657,jpeg+cropping,same-family composite,0.002,0.01,0.098,-0.098,0,,,,,,,,
3,M1,0.1,-46.22236493110657,jpeg_q30,ID-single,0.002,0.872,0.098,-0.098,0,,,,,,,,
3,M1,0.1,-46.22236493110657,jpeg_q50,ID-single,0.002,0.938,0.098,-0.098,0,,,,,,,,
3,M1,0.1,-46.22236493110657,jpeg_q70,ID-single,0.002,0.98,0.098,-0.098,0,,,,,,,,
3,M1,0.1,-46.22236493110657,jpeg_q90,ID-single,0.002,0.988,0.098,-0.098,0,,,,,,,,
3,M1,0.1,-46.22236493110657,noise+blurring+jpeg,cross-family composite,0.0,0.818,0.1,-0.1,0,,,,,,,,
3,M1,0.1,-46.22236493110657,noise_s001,ID-single,0.0,0.994,0.1,-0.1,0,,,,,,,,
3,M1,0.1,-46.22236493110657,noise_s003,ID-single,0.0,0.982,0.1,-0.1,0,,,,,,,,
3,M1,0.1,-46.22236493110657,noise_s005,ID-single,0.0,0.95,0.1,-0.1,0,,,,,,,,
3,M1,0.1,-46.22236493110657,noise_s008,ID-single,0.0,0.856,0.1,-0.1,0,,,,,,,,
3,M1,0.1,-46.22236493110657,none,ID-single,0.002,0.99,0.098,-0.098,0,,,,,,,,
3,M1,0.1,-46.22236493110657,rotation,ID-single,0.0,0.002,0.1,-0.1,0,,,,,,,,
3,M1,0.1,-46.22236493110657,rotation+cropping+jpeg,cross-family composite,0.002,0.002,0.098,-0.098,0,,,,,,,,
3,M1,0.1,-46.22236493110657,_worst,ID-single,0.002,0.002,0.098,-0.098,0,0.002,0.002,blurring,rotation,,,,
3,M1,0.1,-46.22236493110657,_worst,cross-family composite,0.002,0.002,0.098,-0.098,0,0.002,0.002,rotation+cropping+jpeg,rotation+cropping+jpeg,,,,
3,M1,0.1,-46.22236493110657,_worst,same-family composite,0.002,0.01,0.098,-0.098,0,0.002,0.01,cropping+jpeg,jpeg+cropping,,,,
3,M2,0.1,-47.019813537597656,blurring,ID-single,0.008,0.994,0.092,-0.092,0,,,,,,,,
3,M2,0.1,-47.019813537597656,blurring+noise,same-family composite,0.0,0.98,0.1,-0.1,0,,,,,,,,
3,M2,0.1,-47.019813537597656,cropping,ID-single,0.002,0.248,0.098,-0.098,0,,,,,,,,
3,M2,0.1,-47.019813537597656,cropping+jpeg,same-family composite,0.002,0.072,0.098,-0.098,0,,,,,,,,
3,M2,0.1,-47.019813537597656,jpeg+cropping,same-family composite,0.002,0.046,0.098,-0.098,0,,,,,,,,
3,M2,0.1,-47.019813537597656,jpeg_q30,ID-single,0.002,0.916,0.098,-0.098,0,,,,,,,,
3,M2,0.1,-47.019813537597656,jpeg_q50,ID-single,0.002,0.966,0.098,-0.098,0,,,,,,,,
3,M2,0.1,-47.019813537597656,jpeg_q70,ID-single,0.002,0.99,0.098,-0.098,0,,,,,,,,
3,M2,0.1,-47.019813537597656,jpeg_q90,ID-single,0.004,0.994,0.096,-0.096,0,,,,,,,,
3,M2,0.1,-47.019813537597656,noise+blurring+jpeg,cross-family composite,0.0,0.874,0.1,-0.1,0,,,,,,,,
3,M2,0.1,-47.019813537597656,noise_s001,ID-single,0.002,0.996,0.098,-0.098,0,,,,,,,,
3,M2,0.1,-47.019813537597656,noise_s003,ID-single,0.002,0.996,0.098,-0.098,0,,,,,,,,
3,M2,0.1,-47.019813537597656,noise_s005,ID-single,0.002,0.986,0.098,-0.098,0,,,,,,,,
3,M2,0.1,-47.019813537597656,noise_s008,ID-single,0.002,0.918,0.098,-0.098,0,,,,,,,,
3,M2,0.1,-47.019813537597656,none,ID-single,0.004,0.992,0.096,-0.096,0,,,,,,,,
3,M2,0.1,-47.019813537597656,rotation,ID-single,0.002,0.002,0.098,-0.098,0,,,,,,,,
3,M2,0.1,-47.019813537597656,rotation+cropping+jpeg,cross-family composite,0.002,0.002,0.098,-0.098,0,,,,,,,,
3,M2,0.1,-47.019813537597656,_worst,ID-single,0.008,0.002,0.092,-0.092,0,0.008,0.002,blurring,rotation,,,,
3,M2,0.1,-47.019813537597656,_worst,cross-family composite,0.002,0.002,0.098,-0.098,0,0.002,0.002,rotation+cropping+jpeg,rotation+cropping+jpeg,,,,
3,M2,0.1,-47.019813537597656,_worst,same-family composite,0.002,0.046,0.098,-0.098,0,0.002,0.046,cropping+jpeg,jpeg+cropping,,,,
3,M3,0.1,-50.3978271484375,blurring,ID-single,0.078,1.0,0.022000000000000006,-0.022000000000000006,0,,,,,,,,
3,M3,0.1,-50.3978271484375,blurring+noise,same-family composite,0.15,1.0,0.04999999999999999,0.04999999999999999,1,,,,,,,,
3,M3,0.1,-50.3978271484375,cropping,ID-single,0.078,0.842,0.022000000000000006,-0.022000000000000006,0,,,,,,,,
3,M3,0.1,-50.3978271484375,cropping+jpeg,same-family composite,0.07,0.684,0.03,-0.03,0,,,,,,,,
3,M3,0.1,-50.3978271484375,jpeg+cropping,same-family composite,0.036,0.632,0.064,-0.064,0,,,,,,,,
3,M3,0.1,-50.3978271484375,jpeg_q30,ID-single,0.066,0.996,0.034,-0.034,0,,,,,,,,
3,M3,0.1,-50.3978271484375,jpeg_q50,ID-single,0.052,0.998,0.04800000000000001,-0.04800000000000001,0,,,,,,,,
3,M3,0.1,-50.3978271484375,jpeg_q70,ID-single,0.074,1.0,0.02600000000000001,-0.02600000000000001,0,,,,,,,,
3,M3,0.1,-50.3978271484375,jpeg_q90,ID-single,0.096,1.0,0.0040000000000000036,-0.0040000000000000036,0,,,,,,,,
3,M3,0.1,-50.3978271484375,noise+blurring+jpeg,cross-family composite,0.038,0.998,0.062000000000000006,-0.062000000000000006,0,,,,,,,,
3,M3,0.1,-50.3978271484375,noise_s001,ID-single,0.094,1.0,0.006000000000000005,-0.006000000000000005,0,,,,,,,,
3,M3,0.1,-50.3978271484375,noise_s003,ID-single,0.132,1.0,0.032,0.032,1,,,,,,,,
3,M3,0.1,-50.3978271484375,noise_s005,ID-single,0.148,1.0,0.04799999999999999,0.04799999999999999,1,,,,,,,,
3,M3,0.1,-50.3978271484375,noise_s008,ID-single,0.14,1.0,0.04000000000000001,0.04000000000000001,1,,,,,,,,
3,M3,0.1,-50.3978271484375,none,ID-single,0.092,1.0,0.008000000000000007,-0.008000000000000007,0,,,,,,,,
3,M3,0.1,-50.3978271484375,rotation,ID-single,0.01,0.13,0.09000000000000001,-0.09000000000000001,0,,,,,,,,
3,M3,0.1,-50.3978271484375,rotation+cropping+jpeg,cross-family composite,0.02,0.108,0.08,-0.08,0,,,,,,,,
3,M3,0.1,-50.3978271484375,_worst,ID-single,0.148,0.13,0.04799999999999999,0.04799999999999999,3,0.148,0.13,noise_s005,rotation,,,,
3,M3,0.1,-50.3978271484375,_worst,cross-family composite,0.038,0.108,0.062000000000000006,-0.062000000000000006,0,0.038,0.108,noise+blurring+jpeg,rotation+cropping+jpeg,,,,
3,M3,0.1,-50.3978271484375,_worst,same-family composite,0.15,0.632,0.04999999999999999,0.04999999999999999,1,0.15,0.632,blurring+noise,jpeg+cropping,,,,
3,M1,0.01,-46.22236493110657,blurring,ID-single,0.002,0.99,0.008,-0.008,0,,,,,,,,
3,M1,0.01,-46.22236493110657,blurring+noise,same-family composite,0.0,0.952,0.01,-0.01,0,,,,,,,,
3,M1,0.01,-46.22236493110657,cropping,ID-single,0.002,0.112,0.008,-0.008,0,,,,,,,,
3,M1,0.01,-46.22236493110657,cropping+jpeg,same-family composite,0.002,0.026,0.008,-0.008,0,,,,,,,,
3,M1,0.01,-46.22236493110657,jpeg+cropping,same-family composite,0.002,0.01,0.008,-0.008,0,,,,,,,,
3,M1,0.01,-46.22236493110657,jpeg_q30,ID-single,0.002,0.872,0.008,-0.008,0,,,,,,,,
3,M1,0.01,-46.22236493110657,jpeg_q50,ID-single,0.002,0.938,0.008,-0.008,0,,,,,,,,
3,M1,0.01,-46.22236493110657,jpeg_q70,ID-single,0.002,0.98,0.008,-0.008,0,,,,,,,,
3,M1,0.01,-46.22236493110657,jpeg_q90,ID-single,0.002,0.988,0.008,-0.008,0,,,,,,,,
3,M1,0.01,-46.22236493110657,noise+blurring+jpeg,cross-family composite,0.0,0.818,0.01,-0.01,0,,,,,,,,
3,M1,0.01,-46.22236493110657,noise_s001,ID-single,0.0,0.994,0.01,-0.01,0,,,,,,,,
3,M1,0.01,-46.22236493110657,noise_s003,ID-single,0.0,0.982,0.01,-0.01,0,,,,,,,,
3,M1,0.01,-46.22236493110657,noise_s005,ID-single,0.0,0.95,0.01,-0.01,0,,,,,,,,
3,M1,0.01,-46.22236493110657,noise_s008,ID-single,0.0,0.856,0.01,-0.01,0,,,,,,,,
3,M1,0.01,-46.22236493110657,none,ID-single,0.002,0.99,0.008,-0.008,0,,,,,,,,
3,M1,0.01,-46.22236493110657,rotation,ID-single,0.0,0.002,0.01,-0.01,0,,,,,,,,
3,M1,0.01,-46.22236493110657,rotation+cropping+jpeg,cross-family composite,0.002,0.002,0.008,-0.008,0,,,,,,,,
3,M1,0.01,-46.22236493110657,_worst,ID-single,0.002,0.002,0.008,-0.008,0,0.002,0.002,blurring,rotation,,,,
3,M1,0.01,-46.22236493110657,_worst,cross-family composite,0.002,0.002,0.008,-0.008,0,0.002,0.002,rotation+cropping+jpeg,rotation+cropping+jpeg,,,,
3,M1,0.01,-46.22236493110657,_worst,same-family composite,0.002,0.01,0.008,-0.008,0,0.002,0.01,cropping+jpeg,jpeg+cropping,,,,
3,M2,0.01,-47.019813537597656,blurring,ID-single,0.008,0.994,0.002,-0.002,0,,,,,,,,
3,M2,0.01,-47.019813537597656,blurring+noise,same-family composite,0.0,0.98,0.01,-0.01,0,,,,,,,,
3,M2,0.01,-47.019813537597656,cropping,ID-single,0.002,0.248,0.008,-0.008,0,,,,,,,,
3,M2,0.01,-47.019813537597656,cropping+jpeg,same-family composite,0.002,0.072,0.008,-0.008,0,,,,,,,,
3,M2,0.01,-47.019813537597656,jpeg+cropping,same-family composite,0.002,0.046,0.008,-0.008,0,,,,,,,,
3,M2,0.01,-47.019813537597656,jpeg_q30,ID-single,0.002,0.916,0.008,-0.008,0,,,,,,,,
3,M2,0.01,-47.019813537597656,jpeg_q50,ID-single,0.002,0.966,0.008,-0.008,0,,,,,,,,
3,M2,0.01,-47.019813537597656,jpeg_q70,ID-single,0.002,0.99,0.008,-0.008,0,,,,,,,,
3,M2,0.01,-47.019813537597656,jpeg_q90,ID-single,0.004,0.994,0.006,-0.006,0,,,,,,,,
3,M2,0.01,-47.019813537597656,noise+blurring+jpeg,cross-family composite,0.0,0.874,0.01,-0.01,0,,,,,,,,
3,M2,0.01,-47.019813537597656,noise_s001,ID-single,0.002,0.996,0.008,-0.008,0,,,,,,,,
3,M2,0.01,-47.019813537597656,noise_s003,ID-single,0.002,0.996,0.008,-0.008,0,,,,,,,,
3,M2,0.01,-47.019813537597656,noise_s005,ID-single,0.002,0.986,0.008,-0.008,0,,,,,,,,
3,M2,0.01,-47.019813537597656,noise_s008,ID-single,0.002,0.918,0.008,-0.008,0,,,,,,,,
3,M2,0.01,-47.019813537597656,none,ID-single,0.004,0.992,0.006,-0.006,0,,,,,,,,
3,M2,0.01,-47.019813537597656,rotation,ID-single,0.002,0.002,0.008,-0.008,0,,,,,,,,
3,M2,0.01,-47.019813537597656,rotation+cropping+jpeg,cross-family composite,0.002,0.002,0.008,-0.008,0,,,,,,,,
3,M2,0.01,-47.019813537597656,_worst,ID-single,0.008,0.002,0.002,-0.002,0,0.008,0.002,blurring,rotation,,,,
3,M2,0.01,-47.019813537597656,_worst,cross-family composite,0.002,0.002,0.008,-0.008,0,0.002,0.002,rotation+cropping+jpeg,rotation+cropping+jpeg,,,,
3,M2,0.01,-47.019813537597656,_worst,same-family composite,0.002,0.046,0.008,-0.008,0,0.002,0.046,cropping+jpeg,jpeg+cropping,,,,
3,M3,0.01,-48.19476318359375,blurring,ID-single,0.016,0.998,0.006,0.006,1,,,,,,,,
3,M3,0.01,-48.19476318359375,blurring+noise,same-family composite,0.036,0.994,0.025999999999999995,0.025999999999999995,1,,,,,,,,
3,M3,0.01,-48.19476318359375,cropping,ID-single,0.008,0.532,0.002,-0.002,0,,,,,,,,
3,M3,0.01,-48.19476318359375,cropping+jpeg,same-family composite,0.006,0.234,0.004,-0.004,0,,,,,,,,
3,M3,0.01,-48.19476318359375,jpeg+cropping,same-family composite,0.004,0.152,0.006,-0.006,0,,,,,,,,
3,M3,0.01,-48.19476318359375,jpeg_q30,ID-single,0.012,0.964,0.002,0.002,1,,,,,,,,
3,M3,0.01,-48.19476318359375,jpeg_q50,ID-single,0.008,0.986,0.002,-0.002,0,,,,,,,,
3,M3,0.01,-48.19476318359375,jpeg_q70,ID-single,0.006,1.0,0.004,-0.004,0,,,,,,,,
3,M3,0.01,-48.19476318359375,jpeg_q90,ID-single,0.018,1.0,0.007999999999999998,0.007999999999999998,1,,,,,,,,
3,M3,0.01,-48.19476318359375,noise+blurring+jpeg,cross-family composite,0.004,0.948,0.006,-0.006,0,,,,,,,,
3,M3,0.01,-48.19476318359375,noise_s001,ID-single,0.016,1.0,0.006,0.006,1,,,,,,,,
3,M3,0.01,-48.19476318359375,noise_s003,ID-single,0.024,1.0,0.014,0.014,1,,,,,,,,
3,M3,0.01,-48.19476318359375,noise_s005,ID-single,0.022,1.0,0.011999999999999999,0.011999999999999999,1,,,,,,,,
3,M3,0.01,-48.19476318359375,noise_s008,ID-single,0.022,0.986,0.011999999999999999,0.011999999999999999,1,,,,,,,,
3,M3,0.01,-48.19476318359375,none,ID-single,0.014,1.0,0.004,0.004,1,,,,,,,,
3,M3,0.01,-48.19476318359375,rotation,ID-single,0.004,0.012,0.006,-0.006,0,,,,,,,,
3,M3,0.01,-48.19476318359375,rotation+cropping+jpeg,cross-family composite,0.002,0.004,0.008,-0.008,0,,,,,,,,
3,M3,0.01,-48.19476318359375,_worst,ID-single,0.024,0.012,0.014,0.014,8,0.024,0.012,noise_s003,rotation,,,,
3,M3,0.01,-48.19476318359375,_worst,cross-family composite,0.004,0.004,0.006,-0.006,0,0.004,0.004,noise+blurring+jpeg,rotation+cropping+jpeg,,,,
3,M3,0.01,-48.19476318359375,_worst,same-family composite,0.036,0.152,0.025999999999999995,0.025999999999999995,1,0.036,0.152,blurring+noise,jpeg+cropping,,,,
4,M1,0.05,-46.16457751083374,blurring,ID-single,0.0,0.98,0.05,-0.05,0,,,,,,,,
4,M1,0.05,-46.16457751083374,blurring+noise,same-family composite,0.0,0.93,0.05,-0.05,0,,,,,,,,
4,M1,0.05,-46.16457751083374,cropping,ID-single,0.0,0.124,0.05,-0.05,0,,,,,,,,
4,M1,0.05,-46.16457751083374,cropping+jpeg,same-family composite,0.0,0.022,0.05,-0.05,0,,,,,,,,
4,M1,0.05,-46.16457751083374,jpeg+cropping,same-family composite,0.0,0.008,0.05,-0.05,0,,,,,,,,
4,M1,0.05,-46.16457751083374,jpeg_q30,ID-single,0.004,0.842,0.046,-0.046,0,,,,,,,,
4,M1,0.05,-46.16457751083374,jpeg_q50,ID-single,0.0,0.906,0.05,-0.05,0,,,,,,,,
4,M1,0.05,-46.16457751083374,jpeg_q70,ID-single,0.0,0.974,0.05,-0.05,0,,,,,,,,
4,M1,0.05,-46.16457751083374,jpeg_q90,ID-single,0.0,0.988,0.05,-0.05,0,,,,,,,,
4,M1,0.05,-46.16457751083374,noise+blurring+jpeg,cross-family composite,0.0,0.78,0.05,-0.05,0,,,,,,,,
4,M1,0.05,-46.16457751083374,noise_s001,ID-single,0.0,0.982,0.05,-0.05,0,,,,,,,,
4,M1,0.05,-46.16457751083374,noise_s003,ID-single,0.0,0.976,0.05,-0.05,0,,,,,,,,
4,M1,0.05,-46.16457751083374,noise_s005,ID-single,0.0,0.95,0.05,-0.05,0,,,,,,,,
4,M1,0.05,-46.16457751083374,noise_s008,ID-single,0.0,0.816,0.05,-0.05,0,,,,,,,,
4,M1,0.05,-46.16457751083374,none,ID-single,0.0,0.98,0.05,-0.05,0,,,,,,,,
4,M1,0.05,-46.16457751083374,rotation,ID-single,0.0,0.0,0.05,-0.05,0,,,,,,,,
4,M1,0.05,-46.16457751083374,rotation+cropping+jpeg,cross-family composite,0.0,0.0,0.05,-0.05,0,,,,,,,,
4,M1,0.05,-46.16457751083374,_worst,ID-single,0.004,0.0,0.046,-0.046,0,0.004,0.0,jpeg_q30,rotation,,,,
4,M1,0.05,-46.16457751083374,_worst,cross-family composite,0.0,0.0,0.05,-0.05,0,0.0,0.0,noise+blurring+jpeg,rotation+cropping+jpeg,,,,
4,M1,0.05,-46.16457751083374,_worst,same-family composite,0.0,0.008,0.05,-0.05,0,0.0,0.008,blurring+noise,jpeg+cropping,,,,
4,M2,0.05,-46.98226547241211,blurring,ID-single,0.0,0.986,0.05,-0.05,0,,,,,,,,
4,M2,0.05,-46.98226547241211,blurring+noise,same-family composite,0.0,0.968,0.05,-0.05,0,,,,,,,,
4,M2,0.05,-46.98226547241211,cropping,ID-single,0.0,0.256,0.05,-0.05,0,,,,,,,,
4,M2,0.05,-46.98226547241211,cropping+jpeg,same-family composite,0.002,0.074,0.048,-0.048,0,,,,,,,,
4,M2,0.05,-46.98226547241211,jpeg+cropping,same-family composite,0.0,0.036,0.05,-0.05,0,,,,,,,,
4,M2,0.05,-46.98226547241211,jpeg_q30,ID-single,0.008,0.886,0.042,-0.042,0,,,,,,,,
4,M2,0.05,-46.98226547241211,jpeg_q50,ID-single,0.0,0.958,0.05,-0.05,0,,,,,,,,
4,M2,0.05,-46.98226547241211,jpeg_q70,ID-single,0.0,0.99,0.05,-0.05,0,,,,,,,,
4,M2,0.05,-46.98226547241211,jpeg_q90,ID-single,0.0,0.99,0.05,-0.05,0,,,,,,,,
4,M2,0.05,-46.98226547241211,noise+blurring+jpeg,cross-family composite,0.0,0.83,0.05,-0.05,0,,,,,,,,
4,M2,0.05,-46.98226547241211,noise_s001,ID-single,0.0,0.992,0.05,-0.05,0,,,,,,,,
4,M2,0.05,-46.98226547241211,noise_s003,ID-single,0.0,0.992,0.05,-0.05,0,,,,,,,,
4,M2,0.05,-46.98226547241211,noise_s005,ID-single,0.002,0.982,0.048,-0.048,0,,,,,,,,
4,M2,0.05,-46.98226547241211,noise_s008,ID-single,0.006,0.896,0.044000000000000004,-0.044000000000000004,0,,,,,,,,
4,M2,0.05,-46.98226547241211,none,ID-single,0.0,0.992,0.05,-0.05,0,,,,,,,,
4,M2,0.05,-46.98226547241211,rotation,ID-single,0.0,0.0,0.05,-0.05,0,,,,,,,,
4,M2,0.05,-46.98226547241211,rotation+cropping+jpeg,cross-family composite,0.0,0.0,0.05,-0.05,0,,,,,,,,
4,M2,0.05,-46.98226547241211,_worst,ID-single,0.008,0.0,0.042,-0.042,0,0.008,0.0,jpeg_q30,rotation,,,,
4,M2,0.05,-46.98226547241211,_worst,cross-family composite,0.0,0.0,0.05,-0.05,0,0.0,0.0,noise+blurring+jpeg,rotation+cropping+jpeg,,,,
4,M2,0.05,-46.98226547241211,_worst,same-family composite,0.002,0.036,0.048,-0.048,0,0.002,0.036,cropping+jpeg,jpeg+cropping,,,,
4,M3,0.05,-49.15279769897461,blurring,ID-single,0.026,1.0,0.024000000000000004,-0.024000000000000004,0,,,,,,,,
4,M3,0.05,-49.15279769897461,blurring+noise,same-family composite,0.068,0.998,0.018000000000000002,0.018000000000000002,1,,,,,,,,
4,M3,0.05,-49.15279769897461,cropping,ID-single,0.034,0.658,0.016,-0.016,0,,,,,,,,
4,M3,0.05,-49.15279769897461,cropping+jpeg,same-family composite,0.018,0.412,0.032,-0.032,0,,,,,,,,
4,M3,0.05,-49.15279769897461,jpeg+cropping,same-family composite,0.018,0.31,0.032,-0.032,0,,,,,,,,
4,M3,0.05,-49.15279769897461,jpeg_q30,ID-single,0.028,0.986,0.022000000000000002,-0.022000000000000002,0,,,,,,,,
4,M3,0.05,-49.15279769897461,jpeg_q50,ID-single,0.008,1.0,0.042,-0.042,0,,,,,,,,
4,M3,0.05,-49.15279769897461,jpeg_q70,ID-single,0.024,0.998,0.026000000000000002,-0.026000000000000002,0,,,,,,,,
4,M3,0.05,-49.15279769897461,jpeg_q90,ID-single,0.026,1.0,0.024000000000000004,-0.024000000000000004,0,,,,,,,,
4,M3,0.05,-49.15279769897461,noise+blurring+jpeg,cross-family composite,0.008,0.962,0.042,-0.042,0,,,,,,,,
4,M3,0.05,-49.15279769897461,noise_s001,ID-single,0.036,1.0,0.014000000000000005,-0.014000000000000005,0,,,,,,,,
4,M3,0.05,-49.15279769897461,noise_s003,ID-single,0.058,0.998,0.008,0.008,1,,,,,,,,
4,M3,0.05,-49.15279769897461,noise_s005,ID-single,0.062,0.998,0.011999999999999997,0.011999999999999997,1,,,,,,,,
4,M3,0.05,-49.15279769897461,noise_s008,ID-single,0.052,0.994,0.001999999999999995,0.001999999999999995,1,,,,,,,,
4,M3,0.05,-49.15279769897461,none,ID-single,0.03,1.0,0.020000000000000004,-0.020000000000000004,0,,,,,,,,
4,M3,0.05,-49.15279769897461,rotation,ID-single,0.0,0.026,0.05,-0.05,0,,,,,,,,
4,M3,0.05,-49.15279769897461,rotation+cropping+jpeg,cross-family composite,0.0,0.02,0.05,-0.05,0,,,,,,,,
4,M3,0.05,-49.15279769897461,_worst,ID-single,0.062,0.026,0.011999999999999997,0.011999999999999997,3,0.062,0.026,noise_s005,rotation,,,,
4,M3,0.05,-49.15279769897461,_worst,cross-family composite,0.008,0.02,0.042,-0.042,0,0.008,0.02,noise+blurring+jpeg,rotation+cropping+jpeg,,,,
4,M3,0.05,-49.15279769897461,_worst,same-family composite,0.068,0.31,0.018000000000000002,0.018000000000000002,1,0.068,0.31,blurring+noise,jpeg+cropping,,,,
4,M1,0.1,-46.16457751083374,blurring,ID-single,0.0,0.98,0.1,-0.1,0,,,,,,,,
4,M1,0.1,-46.16457751083374,blurring+noise,same-family composite,0.0,0.93,0.1,-0.1,0,,,,,,,,
4,M1,0.1,-46.16457751083374,cropping,ID-single,0.0,0.124,0.1,-0.1,0,,,,,,,,
4,M1,0.1,-46.16457751083374,cropping+jpeg,same-family composite,0.0,0.022,0.1,-0.1,0,,,,,,,,
4,M1,0.1,-46.16457751083374,jpeg+cropping,same-family composite,0.0,0.008,0.1,-0.1,0,,,,,,,,
4,M1,0.1,-46.16457751083374,jpeg_q30,ID-single,0.004,0.842,0.096,-0.096,0,,,,,,,,
4,M1,0.1,-46.16457751083374,jpeg_q50,ID-single,0.0,0.906,0.1,-0.1,0,,,,,,,,
4,M1,0.1,-46.16457751083374,jpeg_q70,ID-single,0.0,0.974,0.1,-0.1,0,,,,,,,,
4,M1,0.1,-46.16457751083374,jpeg_q90,ID-single,0.0,0.988,0.1,-0.1,0,,,,,,,,
4,M1,0.1,-46.16457751083374,noise+blurring+jpeg,cross-family composite,0.0,0.78,0.1,-0.1,0,,,,,,,,
4,M1,0.1,-46.16457751083374,noise_s001,ID-single,0.0,0.982,0.1,-0.1,0,,,,,,,,
4,M1,0.1,-46.16457751083374,noise_s003,ID-single,0.0,0.976,0.1,-0.1,0,,,,,,,,
4,M1,0.1,-46.16457751083374,noise_s005,ID-single,0.0,0.95,0.1,-0.1,0,,,,,,,,
4,M1,0.1,-46.16457751083374,noise_s008,ID-single,0.0,0.816,0.1,-0.1,0,,,,,,,,
4,M1,0.1,-46.16457751083374,none,ID-single,0.0,0.98,0.1,-0.1,0,,,,,,,,
4,M1,0.1,-46.16457751083374,rotation,ID-single,0.0,0.0,0.1,-0.1,0,,,,,,,,
4,M1,0.1,-46.16457751083374,rotation+cropping+jpeg,cross-family composite,0.0,0.0,0.1,-0.1,0,,,,,,,,
4,M1,0.1,-46.16457751083374,_worst,ID-single,0.004,0.0,0.096,-0.096,0,0.004,0.0,jpeg_q30,rotation,,,,
4,M1,0.1,-46.16457751083374,_worst,cross-family composite,0.0,0.0,0.1,-0.1,0,0.0,0.0,noise+blurring+jpeg,rotation+cropping+jpeg,,,,
4,M1,0.1,-46.16457751083374,_worst,same-family composite,0.0,0.008,0.1,-0.1,0,0.0,0.008,blurring+noise,jpeg+cropping,,,,
4,M2,0.1,-46.98226547241211,blurring,ID-single,0.0,0.986,0.1,-0.1,0,,,,,,,,
4,M2,0.1,-46.98226547241211,blurring+noise,same-family composite,0.0,0.968,0.1,-0.1,0,,,,,,,,
4,M2,0.1,-46.98226547241211,cropping,ID-single,0.0,0.256,0.1,-0.1,0,,,,,,,,
4,M2,0.1,-46.98226547241211,cropping+jpeg,same-family composite,0.002,0.074,0.098,-0.098,0,,,,,,,,
4,M2,0.1,-46.98226547241211,jpeg+cropping,same-family composite,0.0,0.036,0.1,-0.1,0,,,,,,,,
4,M2,0.1,-46.98226547241211,jpeg_q30,ID-single,0.008,0.886,0.092,-0.092,0,,,,,,,,
4,M2,0.1,-46.98226547241211,jpeg_q50,ID-single,0.0,0.958,0.1,-0.1,0,,,,,,,,
4,M2,0.1,-46.98226547241211,jpeg_q70,ID-single,0.0,0.99,0.1,-0.1,0,,,,,,,,
4,M2,0.1,-46.98226547241211,jpeg_q90,ID-single,0.0,0.99,0.1,-0.1,0,,,,,,,,
4,M2,0.1,-46.98226547241211,noise+blurring+jpeg,cross-family composite,0.0,0.83,0.1,-0.1,0,,,,,,,,
4,M2,0.1,-46.98226547241211,noise_s001,ID-single,0.0,0.992,0.1,-0.1,0,,,,,,,,
4,M2,0.1,-46.98226547241211,noise_s003,ID-single,0.0,0.992,0.1,-0.1,0,,,,,,,,
4,M2,0.1,-46.98226547241211,noise_s005,ID-single,0.002,0.982,0.098,-0.098,0,,,,,,,,
4,M2,0.1,-46.98226547241211,noise_s008,ID-single,0.006,0.896,0.094,-0.094,0,,,,,,,,
4,M2,0.1,-46.98226547241211,none,ID-single,0.0,0.992,0.1,-0.1,0,,,,,,,,
4,M2,0.1,-46.98226547241211,rotation,ID-single,0.0,0.0,0.1,-0.1,0,,,,,,,,
4,M2,0.1,-46.98226547241211,rotation+cropping+jpeg,cross-family composite,0.0,0.0,0.1,-0.1,0,,,,,,,,
4,M2,0.1,-46.98226547241211,_worst,ID-single,0.008,0.0,0.092,-0.092,0,0.008,0.0,jpeg_q30,rotation,,,,
4,M2,0.1,-46.98226547241211,_worst,cross-family composite,0.0,0.0,0.1,-0.1,0,0.0,0.0,noise+blurring+jpeg,rotation+cropping+jpeg,,,,
4,M2,0.1,-46.98226547241211,_worst,same-family composite,0.002,0.036,0.098,-0.098,0,0.002,0.036,cropping+jpeg,jpeg+cropping,,,,
4,M3,0.1,-50.0360107421875,blurring,ID-single,0.052,1.0,0.04800000000000001,-0.04800000000000001,0,,,,,,,,
4,M3,0.1,-50.0360107421875,blurring+noise,same-family composite,0.104,1.0,0.00399999999999999,0.00399999999999999,1,,,,,,,,
4,M3,0.1,-50.0360107421875,cropping,ID-single,0.058,0.786,0.042,-0.042,0,,,,,,,,
4,M3,0.1,-50.0360107421875,cropping+jpeg,same-family composite,0.044,0.616,0.05600000000000001,-0.05600000000000001,0,,,,,,,,
4,M3,0.1,-50.0360107421875,jpeg+cropping,same-family composite,0.03,0.524,0.07,-0.07,0,,,,,,,,
4,M3,0.1,-50.0360107421875,jpeg_q30,ID-single,0.042,0.996,0.058,-0.058,0,,,,,,,,
4,M3,0.1,-50.0360107421875,jpeg_q50,ID-single,0.042,1.0,0.058,-0.058,0,,,,,,,,
4,M3,0.1,-50.0360107421875,jpeg_q70,ID-single,0.052,1.0,0.04800000000000001,-0.04800000000000001,0,,,,,,,,
4,M3,0.1,-50.0360107421875,jpeg_q90,ID-single,0.06,1.0,0.04000000000000001,-0.04000000000000001,0,,,,,,,,
4,M3,0.1,-50.0360107421875,noise+blurring+jpeg,cross-family composite,0.022,0.986,0.07800000000000001,-0.07800000000000001,0,,,,,,,,
4,M3,0.1,-50.0360107421875,noise_s001,ID-single,0.064,1.0,0.036000000000000004,-0.036000000000000004,0,,,,,,,,
4,M3,0.1,-50.0360107421875,noise_s003,ID-single,0.092,1.0,0.008000000000000007,-0.008000000000000007,0,,,,,,,,
4,M3,0.1,-50.0360107421875,noise_s005,ID-single,0.102,1.0,0.001999999999999988,0.001999999999999988,1,,,,,,,,
4,M3,0.1,-50.0360107421875,noise_s008,ID-single,0.102,0.998,0.001999999999999988,0.001999999999999988,1,,,,,,,,
4,M3,0.1,-50.0360107421875,none,ID-single,0.064,1.0,0.036000000000000004,-0.036000000000000004,0,,,,,,,,
4,M3,0.1,-50.0360107421875,rotation,ID-single,0.0,0.082,0.1,-0.1,0,,,,,,,,
4,M3,0.1,-50.0360107421875,rotation+cropping+jpeg,cross-family composite,0.006,0.07,0.094,-0.094,0,,,,,,,,
4,M3,0.1,-50.0360107421875,_worst,ID-single,0.102,0.082,0.001999999999999988,0.001999999999999988,2,0.102,0.082,noise_s005,rotation,,,,
4,M3,0.1,-50.0360107421875,_worst,cross-family composite,0.022,0.07,0.07800000000000001,-0.07800000000000001,0,0.022,0.07,noise+blurring+jpeg,rotation+cropping+jpeg,,,,
4,M3,0.1,-50.0360107421875,_worst,same-family composite,0.104,0.524,0.00399999999999999,0.00399999999999999,1,0.104,0.524,blurring+noise,jpeg+cropping,,,,
4,M1,0.01,-46.16457751083374,blurring,ID-single,0.0,0.98,0.01,-0.01,0,,,,,,,,
4,M1,0.01,-46.16457751083374,blurring+noise,same-family composite,0.0,0.93,0.01,-0.01,0,,,,,,,,
4,M1,0.01,-46.16457751083374,cropping,ID-single,0.0,0.124,0.01,-0.01,0,,,,,,,,
4,M1,0.01,-46.16457751083374,cropping+jpeg,same-family composite,0.0,0.022,0.01,-0.01,0,,,,,,,,
4,M1,0.01,-46.16457751083374,jpeg+cropping,same-family composite,0.0,0.008,0.01,-0.01,0,,,,,,,,
4,M1,0.01,-46.16457751083374,jpeg_q30,ID-single,0.004,0.842,0.006,-0.006,0,,,,,,,,
4,M1,0.01,-46.16457751083374,jpeg_q50,ID-single,0.0,0.906,0.01,-0.01,0,,,,,,,,
4,M1,0.01,-46.16457751083374,jpeg_q70,ID-single,0.0,0.974,0.01,-0.01,0,,,,,,,,
4,M1,0.01,-46.16457751083374,jpeg_q90,ID-single,0.0,0.988,0.01,-0.01,0,,,,,,,,
4,M1,0.01,-46.16457751083374,noise+blurring+jpeg,cross-family composite,0.0,0.78,0.01,-0.01,0,,,,,,,,
4,M1,0.01,-46.16457751083374,noise_s001,ID-single,0.0,0.982,0.01,-0.01,0,,,,,,,,
4,M1,0.01,-46.16457751083374,noise_s003,ID-single,0.0,0.976,0.01,-0.01,0,,,,,,,,
4,M1,0.01,-46.16457751083374,noise_s005,ID-single,0.0,0.95,0.01,-0.01,0,,,,,,,,
4,M1,0.01,-46.16457751083374,noise_s008,ID-single,0.0,0.816,0.01,-0.01,0,,,,,,,,
4,M1,0.01,-46.16457751083374,none,ID-single,0.0,0.98,0.01,-0.01,0,,,,,,,,
4,M1,0.01,-46.16457751083374,rotation,ID-single,0.0,0.0,0.01,-0.01,0,,,,,,,,
4,M1,0.01,-46.16457751083374,rotation+cropping+jpeg,cross-family composite,0.0,0.0,0.01,-0.01,0,,,,,,,,
4,M1,0.01,-46.16457751083374,_worst,ID-single,0.004,0.0,0.006,-0.006,0,0.004,0.0,jpeg_q30,rotation,,,,
4,M1,0.01,-46.16457751083374,_worst,cross-family composite,0.0,0.0,0.01,-0.01,0,0.0,0.0,noise+blurring+jpeg,rotation+cropping+jpeg,,,,
4,M1,0.01,-46.16457751083374,_worst,same-family composite,0.0,0.008,0.01,-0.01,0,0.0,0.008,blurring+noise,jpeg+cropping,,,,
4,M2,0.01,-46.98226547241211,blurring,ID-single,0.0,0.986,0.01,-0.01,0,,,,,,,,
4,M2,0.01,-46.98226547241211,blurring+noise,same-family composite,0.0,0.968,0.01,-0.01,0,,,,,,,,
4,M2,0.01,-46.98226547241211,cropping,ID-single,0.0,0.256,0.01,-0.01,0,,,,,,,,
4,M2,0.01,-46.98226547241211,cropping+jpeg,same-family composite,0.002,0.074,0.008,-0.008,0,,,,,,,,
4,M2,0.01,-46.98226547241211,jpeg+cropping,same-family composite,0.0,0.036,0.01,-0.01,0,,,,,,,,
4,M2,0.01,-46.98226547241211,jpeg_q30,ID-single,0.008,0.886,0.002,-0.002,0,,,,,,,,
4,M2,0.01,-46.98226547241211,jpeg_q50,ID-single,0.0,0.958,0.01,-0.01,0,,,,,,,,
4,M2,0.01,-46.98226547241211,jpeg_q70,ID-single,0.0,0.99,0.01,-0.01,0,,,,,,,,
4,M2,0.01,-46.98226547241211,jpeg_q90,ID-single,0.0,0.99,0.01,-0.01,0,,,,,,,,
4,M2,0.01,-46.98226547241211,noise+blurring+jpeg,cross-family composite,0.0,0.83,0.01,-0.01,0,,,,,,,,
4,M2,0.01,-46.98226547241211,noise_s001,ID-single,0.0,0.992,0.01,-0.01,0,,,,,,,,
4,M2,0.01,-46.98226547241211,noise_s003,ID-single,0.0,0.992,0.01,-0.01,0,,,,,,,,
4,M2,0.01,-46.98226547241211,noise_s005,ID-single,0.002,0.982,0.008,-0.008,0,,,,,,,,
4,M2,0.01,-46.98226547241211,noise_s008,ID-single,0.006,0.896,0.004,-0.004,0,,,,,,,,
4,M2,0.01,-46.98226547241211,none,ID-single,0.0,0.992,0.01,-0.01,0,,,,,,,,
4,M2,0.01,-46.98226547241211,rotation,ID-single,0.0,0.0,0.01,-0.01,0,,,,,,,,
4,M2,0.01,-46.98226547241211,rotation+cropping+jpeg,cross-family composite,0.0,0.0,0.01,-0.01,0,,,,,,,,
4,M2,0.01,-46.98226547241211,_worst,ID-single,0.008,0.0,0.002,-0.002,0,0.008,0.0,jpeg_q30,rotation,,,,
4,M2,0.01,-46.98226547241211,_worst,cross-family composite,0.0,0.0,0.01,-0.01,0,0.0,0.0,noise+blurring+jpeg,rotation+cropping+jpeg,,,,
4,M2,0.01,-46.98226547241211,_worst,same-family composite,0.002,0.036,0.008,-0.008,0,0.002,0.036,cropping+jpeg,jpeg+cropping,,,,
4,M3,0.01,-47.4436149597168,blurring,ID-single,0.0,0.992,0.01,-0.01,0,,,,,,,,
4,M3,0.01,-47.4436149597168,blurring+noise,same-family composite,0.004,0.978,0.006,-0.006,0,,,,,,,,
4,M3,0.01,-47.4436149597168,cropping,ID-single,0.004,0.308,0.006,-0.006,0,,,,,,,,
4,M3,0.01,-47.4436149597168,cropping+jpeg,same-family composite,0.004,0.122,0.006,-0.006,0,,,,,,,,
4,M3,0.01,-47.4436149597168,jpeg+cropping,same-family composite,0.0,0.066,0.01,-0.01,0,,,,,,,,
4,M3,0.01,-47.4436149597168,jpeg_q30,ID-single,0.008,0.908,0.002,-0.002,0,,,,,,,,
4,M3,0.01,-47.4436149597168,jpeg_q50,ID-single,0.0,0.976,0.01,-0.01,0,,,,,,,,
4,M3,0.01,-47.4436149597168,jpeg_q70,ID-single,0.002,0.99,0.008,-0.008,0,,,,,,,,
4,M3,0.01,-47.4436149597168,jpeg_q90,ID-single,0.002,0.996,0.008,-0.008,0,,,,,,,,
4,M3,0.01,-47.4436149597168,noise+blurring+jpeg,cross-family composite,0.0,0.876,0.01,-0.01,0,,,,,,,,
4,M3,0.01,-47.4436149597168,noise_s001,ID-single,0.0,0.992,0.01,-0.01,0,,,,,,,,
4,M3,0.01,-47.4436149597168,noise_s003,ID-single,0.004,0.998,0.006,-0.006,0,,,,,,,,
4,M3,0.01,-47.4436149597168,noise_s005,ID-single,0.01,0.994,0.0,0.0,0,,,,,,,,
4,M3,0.01,-47.4436149597168,noise_s008,ID-single,0.012,0.938,0.002,0.002,1,,,,,,,,
4,M3,0.01,-47.4436149597168,none,ID-single,0.002,0.994,0.008,-0.008,0,,,,,,,,
4,M3,0.01,-47.4436149597168,rotation,ID-single,0.0,0.0,0.01,-0.01,0,,,,,,,,
4,M3,0.01,-47.4436149597168,rotation+cropping+jpeg,cross-family composite,0.0,0.004,0.01,-0.01,0,,,,,,,,
4,M3,0.01,-47.4436149597168,_worst,ID-single,0.012,0.0,0.002,0.002,1,0.012,0.0,noise_s008,rotation,,,,
4,M3,0.01,-47.4436149597168,_worst,cross-family composite,0.0,0.004,0.01,-0.01,0,0.0,0.004,noise+blurring+jpeg,rotation+cropping+jpeg,,,,
4,M3,0.01,-47.4436149597168,_worst,same-family composite,0.004,0.066,0.006,-0.006,0,0.004,0.066,blurring+noise,jpeg+cropping,,,,
all,M1,0.01,,_worst,ID-single,0.0036000000000000003,0.0004,0.0064,-0.0064,0,0.0036000000000000003,0.0004,jpeg_q30,rotation,0.001673320053068151,0.0008944271909999159,0.001673320053068151,0.0008944271909999159
all,M1,0.01,,_worst,cross-family composite,0.0004,0.0004,0.009600000000000001,-0.009600000000000001,0,0.0004,0.0004,noise+blurring+jpeg,rotation+cropping+jpeg,0.0008944271909999159,0.0008944271909999159,0.0008944271909999159,0.0008944271909999159
all,M1,0.01,,_worst,same-family composite,0.0008,0.0112,0.0092,-0.0092,0,0.0008,0.0112,blurring+noise,jpeg+cropping,0.0010954451150103322,0.0026832815729997475,0.0010954451150103322,0.0026832815729997475
all,M1,0.01,,blurring,ID-single,0.0012000000000000001,0.982,0.008799999999999999,-0.008799999999999999,0,,,,,0.0010954451150103322,0.0050990195135928,,
all,M1,0.01,,blurring+noise,same-family composite,0.0,0.932,0.01,-0.01,0,,,,,0.0,0.013490737563231991,,
all,M1,0.01,,cropping,ID-single,0.0008,0.1136,0.0092,-0.0092,0,,,,,0.0010954451150103322,0.012116104984688765,,
all,M1,0.01,,cropping+jpeg,same-family composite,0.0008,0.0268,0.0092,-0.0092,0,,,,,0.0010954451150103322,0.0075630681604756155,,
all,M1,0.01,,jpeg+cropping,same-family composite,0.0008,0.0112,0.0092,-0.0092,0,,,,,0.0010954451150103322,0.0026832815729997475,,
all,M1,0.01,,jpeg_q30,ID-single,0.0032,0.842,0.0068000000000000005,-0.0068000000000000005,0,,,,,0.0017888543819998318,0.019287301521985926,,
all,M1,0.01,,jpeg_q50,ID-single,0.0016,0.9103999999999999,0.008400000000000001,-0.008400000000000001,0,,,,,0.001673320053068151,0.01614930339054904,,
all,M1,0.01,,jpeg_q70,ID-single,0.0004,0.9747999999999999,0.009600000000000001,-0.009600000000000001,0,,,,,0.0008944271909999159,0.005403702434442518,,
all,M1,0.01,,jpeg_q90,ID-single,0.0008,0.9856,0.0092,-0.0092,0,,,,,0.0010954451150103322,0.003577708763999662,,
all,M1,0.01,,noise+blurring+jpeg,cross-family composite,0.0,0.7796000000000001,0.01,-0.01,0,,,,,0.0,0.022333830840229746,,
all,M1,0.01,,noise_s001,ID-single,0.0,0.9832000000000001,0.01,-0.01,0,,,,,0.0,0.006260990336999405,,
all,M1,0.01,,noise_s003,ID-single,0.0,0.9724,0.01,-0.01,0,,,,,0.0,0.008876936408468847,,
all,M1,0.01,,noise_s005,ID-single,0.0004,0.944,0.009600000000000001,-0.009600000000000001,0,,,,,0.0008944271909999159,0.006633249580710791,,
all,M1,0.01,,noise_s008,ID-single,0.0008,0.8331999999999999,0.0092,-0.0092,0,,,,,0.0010954451150103322,0.016346253393362056,,
all,M1,0.01,,none,ID-single,0.0008,0.9843999999999999,0.0092,-0.0092,0,,,,,0.0010954451150103322,0.0038470768123342815,,
all,M1,0.01,,rotation,ID-single,0.0,0.0004,0.01,-0.01,0,,,,,0.0,0.0008944271909999159,,
all,M1,0.01,,rotation+cropping+jpeg,cross-family composite,0.0004,0.0004,0.009600000000000001,-0.009600000000000001,0,,,,,0.0008944271909999159,0.0008944271909999159,,
all,M1,0.05,,_worst,ID-single,0.0036000000000000003,0.0004,0.046400000000000004,-0.046400000000000004,0,0.0036000000000000003,0.0004,jpeg_q30,rotation,0.001673320053068151,0.0008944271909999159,0.001673320053068151,0.0008944271909999159
all,M1,0.05,,_worst,cross-family composite,0.0004,0.0004,0.0496,-0.0496,0,0.0004,0.0004,noise+blurring+jpeg,rotation+cropping+jpeg,0.0008944271909999159,0.0008944271909999159,0.0008944271909999159,0.0008944271909999159
all,M1,0.05,,_worst,same-family composite,0.0008,0.0112,0.0492,-0.0492,0,0.0008,0.0112,blurring+noise,jpeg+cropping,0.0010954451150103322,0.0026832815729997475,0.0010954451150103322,0.0026832815729997475
all,M1,0.05,,blurring,ID-single,0.0012000000000000001,0.982,0.048799999999999996,-0.048799999999999996,0,,,,,0.0010954451150103322,0.0050990195135928,,
all,M1,0.05,,blurring+noise,same-family composite,0.0,0.932,0.05,-0.05,0,,,,,0.0,0.013490737563231991,,
all,M1,0.05,,cropping,ID-single,0.0008,0.1136,0.0492,-0.0492,0,,,,,0.0010954451150103322,0.012116104984688765,,
all,M1,0.05,,cropping+jpeg,same-family composite,0.0008,0.0268,0.0492,-0.0492,0,,,,,0.0010954451150103322,0.0075630681604756155,,
all,M1,0.05,,jpeg+cropping,same-family composite,0.0008,0.0112,0.0492,-0.0492,0,,,,,0.0010954451150103322,0.0026832815729997475,,
all,M1,0.05,,jpeg_q30,ID-single,0.0032,0.842,0.0468,-0.0468,0,,,,,0.0017888543819998318,0.019287301521985926,,
all,M1,0.05,,jpeg_q50,ID-single,0.0016,0.9103999999999999,0.0484,-0.0484,0,,,,,0.001673320053068151,0.01614930339054904,,
all,M1,0.05,,jpeg_q70,ID-single,0.0004,0.9747999999999999,0.0496,-0.0496,0,,,,,0.0008944271909999159,0.005403702434442518,,
all,M1,0.05,,jpeg_q90,ID-single,0.0008,0.9856,0.0492,-0.0492,0,,,,,0.0010954451150103322,0.003577708763999662,,
all,M1,0.05,,noise+blurring+jpeg,cross-family composite,0.0,0.7796000000000001,0.05,-0.05,0,,,,,0.0,0.022333830840229746,,
all,M1,0.05,,noise_s001,ID-single,0.0,0.9832000000000001,0.05,-0.05,0,,,,,0.0,0.006260990336999405,,
all,M1,0.05,,noise_s003,ID-single,0.0,0.9724,0.05,-0.05,0,,,,,0.0,0.008876936408468847,,
all,M1,0.05,,noise_s005,ID-single,0.0004,0.944,0.0496,-0.0496,0,,,,,0.0008944271909999159,0.006633249580710791,,
all,M1,0.05,,noise_s008,ID-single,0.0008,0.8331999999999999,0.0492,-0.0492,0,,,,,0.0010954451150103322,0.016346253393362056,,
all,M1,0.05,,none,ID-single,0.0008,0.9843999999999999,0.0492,-0.0492,0,,,,,0.0010954451150103322,0.0038470768123342815,,
all,M1,0.05,,rotation,ID-single,0.0,0.0004,0.05,-0.05,0,,,,,0.0,0.0008944271909999159,,
all,M1,0.05,,rotation+cropping+jpeg,cross-family composite,0.0004,0.0004,0.0496,-0.0496,0,,,,,0.0008944271909999159,0.0008944271909999159,,
all,M1,0.1,,_worst,ID-single,0.0036000000000000003,0.0004,0.0964,-0.0964,0,0.0036000000000000003,0.0004,jpeg_q30,rotation,0.001673320053068151,0.0008944271909999159,0.001673320053068151,0.0008944271909999159
all,M1,0.1,,_worst,cross-family composite,0.0004,0.0004,0.0996,-0.0996,0,0.0004,0.0004,noise+blurring+jpeg,rotation+cropping+jpeg,0.0008944271909999159,0.0008944271909999159,0.0008944271909999159,0.0008944271909999159
all,M1,0.1,,_worst,same-family composite,0.0008,0.0112,0.0992,-0.0992,0,0.0008,0.0112,blurring+noise,jpeg+cropping,0.0010954451150103322,0.0026832815729997475,0.0010954451150103322,0.0026832815729997475
all,M1,0.1,,blurring,ID-single,0.0012000000000000001,0.982,0.0988,-0.0988,0,,,,,0.0010954451150103322,0.0050990195135928,,
all,M1,0.1,,blurring+noise,same-family composite,0.0,0.932,0.1,-0.1,0,,,,,0.0,0.013490737563231991,,
all,M1,0.1,,cropping,ID-single,0.0008,0.1136,0.0992,-0.0992,0,,,,,0.0010954451150103322,0.012116104984688765,,
all,M1,0.1,,cropping+jpeg,same-family composite,0.0008,0.0268,0.0992,-0.0992,0,,,,,0.0010954451150103322,0.0075630681604756155,,
all,M1,0.1,,jpeg+cropping,same-family composite,0.0008,0.0112,0.0992,-0.0992,0,,,,,0.0010954451150103322,0.0026832815729997475,,
all,M1,0.1,,jpeg_q30,ID-single,0.0032,0.842,0.0968,-0.0968,0,,,,,0.0017888543819998318,0.019287301521985926,,
all,M1,0.1,,jpeg_q50,ID-single,0.0016,0.9103999999999999,0.0984,-0.0984,0,,,,,0.001673320053068151,0.01614930339054904,,
all,M1,0.1,,jpeg_q70,ID-single,0.0004,0.9747999999999999,0.0996,-0.0996,0,,,,,0.0008944271909999159,0.005403702434442518,,
all,M1,0.1,,jpeg_q90,ID-single,0.0008,0.9856,0.0992,-0.0992,0,,,,,0.0010954451150103322,0.003577708763999662,,
all,M1,0.1,,noise+blurring+jpeg,cross-family composite,0.0,0.7796000000000001,0.1,-0.1,0,,,,,0.0,0.022333830840229746,,
all,M1,0.1,,noise_s001,ID-single,0.0,0.9832000000000001,0.1,-0.1,0,,,,,0.0,0.006260990336999405,,
all,M1,0.1,,noise_s003,ID-single,0.0,0.9724,0.1,-0.1,0,,,,,0.0,0.008876936408468847,,
all,M1,0.1,,noise_s005,ID-single,0.0004,0.944,0.0996,-0.0996,0,,,,,0.0008944271909999159,0.006633249580710791,,
all,M1,0.1,,noise_s008,ID-single,0.0008,0.8331999999999999,0.0992,-0.0992,0,,,,,0.0010954451150103322,0.016346253393362056,,
all,M1,0.1,,none,ID-single,0.0008,0.9843999999999999,0.0992,-0.0992,0,,,,,0.0010954451150103322,0.0038470768123342815,,
all,M1,0.1,,rotation,ID-single,0.0,0.0004,0.1,-0.1,0,,,,,0.0,0.0008944271909999159,,
all,M1,0.1,,rotation+cropping+jpeg,cross-family composite,0.0004,0.0004,0.0996,-0.0996,0,,,,,0.0008944271909999159,0.0008944271909999159,,
all,M2,0.01,,_worst,ID-single,0.008400000000000001,0.0008,0.0016,-0.0016,0,0.008400000000000001,0.0008,jpeg_q30,rotation,0.0016733200530681513,0.0010954451150103322,0.0016733200530681513,0.0010954451150103322
all,M2,0.01,,_worst,cross-family composite,0.0008,0.0012000000000000001,0.0092,-0.0092,0,0.0008,0.0012000000000000001,noise+blurring+jpeg,rotation+cropping+jpeg,0.0010954451150103322,0.0010954451150103322,0.0010954451150103322,0.0010954451150103322
all,M2,0.01,,_worst,same-family composite,0.0032,0.033999999999999996,0.0068000000000000005,-0.0068000000000000005,0,0.0032,0.033999999999999996,blurring+noise,jpeg+cropping,0.0026832815729997475,0.011045361017187259,0.0026832815729997475,0.011045361017187259
all,M2,0.01,,blurring,ID-single,0.0028,0.9884000000000001,0.007200000000000001,-0.007200000000000001,0,,,,,0.0033466401061363026,0.003577708763999666,,
all,M2,0.01,,blurring+noise,same-family composite,0.0024000000000000002,0.9655999999999999,0.0076,-0.0076,0,,,,,0.003286335345030997,0.009736529155710475,,
all,M2,0.01,,cropping,ID-single,0.0008,0.21080000000000002,0.0092,-0.0092,0,,,,,0.0010954451150103322,0.04362568051045165,,
all,M2,0.01,,cropping+jpeg,same-family composite,0.002,0.0608,0.008,-0.008,0,,,,,0.001414213562373095,0.016887865466067638,,
all,M2,0.01,,jpeg+cropping,same-family composite,0.0016,0.033999999999999996,0.008400000000000001,-0.008400000000000001,0,,,,,0.001673320053068151,0.011045361017187259,,
all,M2,0.01,,jpeg_q30,ID-single,0.006,0.8912000000000001,0.004,-0.004,0,,,,,0.00316227766016838,0.014737706741552427,,
all,M2,0.01,,jpeg_q50,ID-single,0.0016,0.9456,0.008400000000000001,-0.008400000000000001,0,,,,,0.001673320053068151,0.017515707236649025,,
all,M2,0.01,,jpeg_q70,ID-single,0.0004,0.9864,0.009600000000000001,-0.009600000000000001,0,,,,,0.0008944271909999159,0.00536656314599948,,
all,M2,0.01,,jpeg_q90,ID-single,0.0032,0.9904,0.0068000000000000005,-0.0068000000000000005,0,,,,,0.0041472882706655445,0.0029664793948382838,,
all,M2,0.01,,noise+blurring+jpeg,cross-family composite,0.0,0.834,0.01,-0.01,0,,,,,0.0,0.027892651361962655,,
all,M2,0.01,,noise_s001,ID-single,0.0008,0.9896,0.0092,-0.0092,0,,,,,0.0010954451150103322,0.004774934554525318,,
all,M2,0.01,,noise_s003,ID-single,0.0012000000000000001,0.9864,0.008799999999999999,-0.008799999999999999,0,,,,,0.0010954451150103322,0.007924645102463594,,
all,M2,0.01,,noise_s005,ID-single,0.0028,0.9704,0.007200000000000001,-0.007200000000000001,0,,,,,0.00303315017762062,0.012837445228705013,,
all,M2,0.01,,noise_s008,ID-single,0.0032,0.8924,0.0068000000000000005,-0.0068000000000000005,0,,,,,0.002683281572999748,0.020755722102591367,,
all,M2,0.01,,none,ID-single,0.0024000000000000002,0.9911999999999999,0.0076,-0.0076,0,,,,,0.0035777087639996636,0.0017888543819998273,,
all,M2,0.01,,rotation,ID-single,0.0004,0.0008,0.009600000000000001,-0.009600000000000001,0,,,,,0.0008944271909999159,0.0010954451150103322,,
all,M2,0.01,,rotation+cropping+jpeg,cross-family composite,0.0008,0.0012000000000000001,0.0092,-0.0092,0,,,,,0.0010954451150103322,0.0010954451150103322,,
all,M2,0.05,,_worst,ID-single,0.008400000000000001,0.0008,0.041600000000000005,-0.041600000000000005,0,0.008400000000000001,0.0008,jpeg_q30,rotation,0.0016733200530681513,0.0010954451150103322,0.0016733200530681513,0.0010954451150103322
all,M2,0.05,,_worst,cross-family composite,0.0008,0.0012000000000000001,0.0492,-0.0492,0,0.0008,0.0012000000000000001,noise+blurring+jpeg,rotation+cropping+jpeg,0.0010954451150103322,0.0010954451150103322,0.0010954451150103322,0.0010954451150103322
all,M2,0.05,,_worst,same-family composite,0.0032,0.033999999999999996,0.0468,-0.0468,0,0.0032,0.033999999999999996,blurring+noise,jpeg+cropping,0.0026832815729997475,0.011045361017187259,0.0026832815729997475,0.011045361017187259
all,M2,0.05,,blurring,ID-single,0.0028,0.9884000000000001,0.047200000000000006,-0.047200000000000006,0,,,,,0.0033466401061363026,0.003577708763999666,,
all,M2,0.05,,blurring+noise,same-family composite,0.0024000000000000002,0.9655999999999999,0.0476,-0.0476,0,,,,,0.003286335345030997,0.009736529155710475,,
all,M2,0.05,,cropping,ID-single,0.0008,0.21080000000000002,0.0492,-0.0492,0,,,,,0.0010954451150103322,0.04362568051045165,,
all,M2,0.05,,cropping+jpeg,same-family composite,0.002,0.0608,0.048,-0.048,0,,,,,0.001414213562373095,0.016887865466067638,,
all,M2,0.05,,jpeg+cropping,same-family composite,0.0016,0.033999999999999996,0.0484,-0.0484,0,,,,,0.001673320053068151,0.011045361017187259,,
all,M2,0.05,,jpeg_q30,ID-single,0.006,0.8912000000000001,0.044,-0.044,0,,,,,0.00316227766016838,0.014737706741552427,,
all,M2,0.05,,jpeg_q50,ID-single,0.0016,0.9456,0.0484,-0.0484,0,,,,,0.001673320053068151,0.017515707236649025,,
all,M2,0.05,,jpeg_q70,ID-single,0.0004,0.9864,0.0496,-0.0496,0,,,,,0.0008944271909999159,0.00536656314599948,,
all,M2,0.05,,jpeg_q90,ID-single,0.0032,0.9904,0.0468,-0.0468,0,,,,,0.0041472882706655445,0.0029664793948382838,,
all,M2,0.05,,noise+blurring+jpeg,cross-family composite,0.0,0.834,0.05,-0.05,0,,,,,0.0,0.027892651361962655,,
all,M2,0.05,,noise_s001,ID-single,0.0008,0.9896,0.0492,-0.0492,0,,,,,0.0010954451150103322,0.004774934554525318,,
all,M2,0.05,,noise_s003,ID-single,0.0012000000000000001,0.9864,0.048799999999999996,-0.048799999999999996,0,,,,,0.0010954451150103322,0.007924645102463594,,
all,M2,0.05,,noise_s005,ID-single,0.0028,0.9704,0.047200000000000006,-0.047200000000000006,0,,,,,0.00303315017762062,0.012837445228705013,,
all,M2,0.05,,noise_s008,ID-single,0.0032,0.8924,0.0468,-0.0468,0,,,,,0.002683281572999748,0.020755722102591367,,
all,M2,0.05,,none,ID-single,0.0024000000000000002,0.9911999999999999,0.0476,-0.0476,0,,,,,0.0035777087639996636,0.0017888543819998273,,
all,M2,0.05,,rotation,ID-single,0.0004,0.0008,0.0496,-0.0496,0,,,,,0.0008944271909999159,0.0010954451150103322,,
all,M2,0.05,,rotation+cropping+jpeg,cross-family composite,0.0008,0.0012000000000000001,0.0492,-0.0492,0,,,,,0.0010954451150103322,0.0010954451150103322,,
all,M2,0.1,,_worst,ID-single,0.008400000000000001,0.0008,0.0916,-0.0916,0,0.008400000000000001,0.0008,jpeg_q30,rotation,0.0016733200530681513,0.0010954451150103322,0.0016733200530681513,0.0010954451150103322
all,M2,0.1,,_worst,cross-family composite,0.0008,0.0012000000000000001,0.0992,-0.0992,0,0.0008,0.0012000000000000001,noise+blurring+jpeg,rotation+cropping+jpeg,0.0010954451150103322,0.0010954451150103322,0.0010954451150103322,0.0010954451150103322
all,M2,0.1,,_worst,same-family composite,0.0032,0.033999999999999996,0.0968,-0.0968,0,0.0032,0.033999999999999996,blurring+noise,jpeg+cropping,0.0026832815729997475,0.011045361017187259,0.0026832815729997475,0.011045361017187259
all,M2,0.1,,blurring,ID-single,0.0028,0.9884000000000001,0.0972,-0.0972,0,,,,,0.0033466401061363026,0.003577708763999666,,
all,M2,0.1,,blurring+noise,same-family composite,0.0024000000000000002,0.9655999999999999,0.09759999999999999,-0.09759999999999999,0,,,,,0.003286335345030997,0.009736529155710475,,
all,M2,0.1,,cropping,ID-single,0.0008,0.21080000000000002,0.0992,-0.0992,0,,,,,0.0010954451150103322,0.04362568051045165,,
all,M2,0.1,,cropping+jpeg,same-family composite,0.002,0.0608,0.098,-0.098,0,,,,,0.001414213562373095,0.016887865466067638,,
all,M2,0.1,,jpeg+cropping,same-family composite,0.0016,0.033999999999999996,0.0984,-0.0984,0,,,,,0.001673320053068151,0.011045361017187259,,
all,M2,0.1,,jpeg_q30,ID-single,0.006,0.8912000000000001,0.094,-0.094,0,,,,,0.00316227766016838,0.014737706741552427,,
all,M2,0.1,,jpeg_q50,ID-single,0.0016,0.9456,0.0984,-0.0984,0,,,,,0.001673320053068151,0.017515707236649025,,
all,M2,0.1,,jpeg_q70,ID-single,0.0004,0.9864,0.0996,-0.0996,0,,,,,0.0008944271909999159,0.00536656314599948,,
all,M2,0.1,,jpeg_q90,ID-single,0.0032,0.9904,0.09680000000000001,-0.09680000000000001,0,,,,,0.0041472882706655445,0.0029664793948382838,,
all,M2,0.1,,noise+blurring+jpeg,cross-family composite,0.0,0.834,0.1,-0.1,0,,,,,0.0,0.027892651361962655,,
all,M2,0.1,,noise_s001,ID-single,0.0008,0.9896,0.0992,-0.0992,0,,,,,0.0010954451150103322,0.004774934554525318,,
all,M2,0.1,,noise_s003,ID-single,0.0012000000000000001,0.9864,0.0988,-0.0988,0,,,,,0.0010954451150103322,0.007924645102463594,,
all,M2,0.1,,noise_s005,ID-single,0.0028,0.9704,0.0972,-0.0972,0,,,,,0.00303315017762062,0.012837445228705013,,
all,M2,0.1,,noise_s008,ID-single,0.0032,0.8924,0.0968,-0.0968,0,,,,,0.002683281572999748,0.020755722102591367,,
all,M2,0.1,,none,ID-single,0.0024000000000000002,0.9911999999999999,0.09759999999999999,-0.09759999999999999,0,,,,,0.0035777087639996636,0.0017888543819998273,,
all,M2,0.1,,rotation,ID-single,0.0004,0.0008,0.0996,-0.0996,0,,,,,0.0008944271909999159,0.0010954451150103322,,
all,M2,0.1,,rotation+cropping+jpeg,cross-family composite,0.0008,0.0012000000000000001,0.0992,-0.0992,0,,,,,0.0010954451150103322,0.0010954451150103322,,
all,M3,0.01,,_worst,ID-single,0.0156,0.004399999999999999,0.007200000000000001,0.0056,19,0.0156,0.004399999999999999,jpeg_q30,rotation,0.008049844718999244,0.00606630035524124,0.008049844718999244,0.00606630035524124
all,M3,0.01,,_worst,cross-family composite,0.0016,0.0036000000000000003,0.008400000000000001,-0.008400000000000001,0,0.0016,0.0036000000000000003,noise+blurring+jpeg,rotation+cropping+jpeg,0.0016733200530681513,0.002966479394838265,0.0016733200530681513,0.002966479394838265
all,M3,0.01,,_worst,same-family composite,0.0156,0.096,0.008799999999999999,0.005599999999999999,2,0.0156,0.096,blurring+noise,jpeg+cropping,0.01283744522870497,0.052744667976962374,0.01283744522870497,0.052744667976962374
all,M3,0.01,,blurring,ID-single,0.0084,0.994,0.0072,-0.0016000000000000003,2,,,,,0.00817312669668102,0.0024494897427831965,,
all,M3,0.01,,blurring+noise,same-family composite,0.0156,0.984,0.008799999999999999,0.005599999999999999,2,,,,,0.01283744522870497,0.006928203230275509,,
all,M3,0.01,,cropping,ID-single,0.0064,0.37320000000000003,0.006,-0.0036000000000000003,1,,,,,0.00606630035524124,0.10899174280650807,,
all,M3,0.01,,cropping+jpeg,same-family composite,0.0056,0.1544,0.004399999999999999,-0.004399999999999999,0,,,,,0.0026076809620810596,0.06731121749010338,,
all,M3,0.01,,jpeg+cropping,same-family composite,0.0028,0.096,0.007200000000000001,-0.007200000000000001,0,,,,,0.002280350850198276,0.052744667976962374,,
all,M3,0.01,,jpeg_q30,ID-single,0.010400000000000001,0.9359999999999999,0.0028,0.0004,3,,,,,0.0032863353450309973,0.024207436873820348,,
all,M3,0.01,,jpeg_q50,ID-single,0.004,0.9732,0.006,-0.006,0,,,,,0.004,0.01487279395406259,,
all,M3,0.01,,jpeg_q70,ID-single,0.0032,0.994,0.0068000000000000005,-0.0068000000000000005,0,,,,,0.0036331804249169902,0.004000000000000007,,
all,M3,0.01,,jpeg_q90,ID-single,0.008,0.9960000000000001,0.0068000000000000005,-0.0020000000000000005,2,,,,,0.007745966692414834,0.002449489742783175,,
all,M3,0.01,,noise+blurring+jpeg,cross-family composite,0.0008,0.8948,0.0092,-0.0092,0,,,,,0.0017888543819998318,0.037459311259018094,,
all,M3,0.01,,noise_s001,ID-single,0.0064,0.9960000000000001,0.0068000000000000005,-0.0036000000000000003,2,,,,,0.0072663608498339805,0.0028284271247461927,,
all,M3,0.01,,noise_s003,ID-single,0.0132,0.9952,0.0072,0.0032,2,,,,,0.009230384607371462,0.0064187226143524794,,
all,M3,0.01,,noise_s005,ID-single,0.0132,0.9888,0.0072,0.0032,2,,,,,0.00923038460737146,0.009230384607371495,,
all,M3,0.01,,noise_s008,ID-single,0.0128,0.9488,0.0084,0.0027999999999999995,3,,,,,0.010059821071967434,0.02480322559668396,,
all,M3,0.01,,none,ID-single,0.006,0.9968,0.0064,-0.004,2,,,,,0.006480740698407861,0.0022803508501982777,,
all,M3,0.01,,rotation,ID-single,0.0008,0.004399999999999999,0.0092,-0.0092,0,,,,,0.0017888543819998318,0.00606630035524124,,
all,M3,0.01,,rotation+cropping+jpeg,cross-family composite,0.0012000000000000001,0.0036000000000000003,0.008799999999999999,-0.008799999999999999,0,,,,,0.0010954451150103322,0.002966479394838265,,
all,M3,0.05,,_worst,ID-single,0.064,0.0356,0.014000000000000002,0.014000000000000002,13,0.064,0.0356,noise_s005,rotation,0.0061644140029689775,0.013221195104830727,0.0061644140029689775,0.013221195104830727
all,M3,0.05,,_worst,cross-family composite,0.0112,0.0248,0.0388,-0.0388,0,0.0112,0.0248,noise+blurring+jpeg,rotation+cropping+jpeg,0.0036331804249169902,0.010545141061171255,0.0036331804249169902,0.010545141061171255
all,M3,0.05,,_worst,same-family composite,0.06760000000000001,0.3228,0.017599999999999998,0.017599999999999998,5,0.06760000000000001,0.3228,blurring+noise,jpeg+cropping,0.0043358966777357595,0.024681977230359795,0.0043358966777357595,0.024681977230359795
all,M3,0.05,,blurring,ID-single,0.033600000000000005,0.9987999999999999,0.016400000000000005,-0.016400000000000005,0,,,,,0.006542170893518452,0.0017888543819998552,,
all,M3,0.05,,blurring+noise,same-family composite,0.06760000000000001,0.9975999999999999,0.017599999999999998,0.017599999999999998,5,,,,,0.0043358966777357595,0.002190890230020675,,
all,M3,0.05,,cropping,ID-single,0.033600000000000005,0.67,0.016400000000000005,-0.016400000000000005,0,,,,,0.0040987803063838426,0.02619160170741758,,
all,M3,0.05,,cropping+jpeg,same-family composite,0.0236,0.4248,0.0264,-0.0264,0,,,,,0.007127411872482186,0.01962651268055537,,
all,M3,0.05,,jpeg+cropping,same-family composite,0.014799999999999999,0.3228,0.0352,-0.0352,0,,,,,0.0030331501776206197,0.024681977230359795,,
all,M3,0.05,,jpeg_q30,ID-single,0.0288,0.9879999999999999,0.021200000000000004,-0.021200000000000004,0,,,,,0.002280350850198276,0.0034641016151377413,,
all,M3,0.05,,jpeg_q50,ID-single,0.0156,0.9955999999999999,0.0344,-0.0344,0,,,,,0.005176871642217913,0.0026076809620810427,,
all,M3,0.05,,jpeg_q70,ID-single,0.0268,0.998,0.023200000000000005,-0.023200000000000005,0,,,,,0.006723094525588644,0.001414213562373106,,
all,M3,0.05,,jpeg_q90,ID-single,0.0344,0.9996,0.015600000000000003,-0.015600000000000003,0,,,,,0.006693280212272606,0.0008944271909999374,,
all,M3,0.05,,noise+blurring+jpeg,cross-family composite,0.0108,0.9676,0.0392,-0.0392,0,,,,,0.0033466401061363034,0.014380542409798067,,
all,M3,0.05,,noise_s001,ID-single,0.0376,0.9996,0.012400000000000003,-0.012400000000000003,0,,,,,0.006387487769068527,0.0008944271909999374,,
all,M3,0.05,,noise_s003,ID-single,0.053200000000000004,0.9992000000000001,0.004799999999999999,0.003199999999999997,3,,,,,0.005585696017507576,0.0010954451150103324,,
all,M3,0.05,,noise_s005,ID-single,0.0632,0.9984,0.0132,0.0132,5,,,,,0.005761944116355176,0.0016733200530681576,,
all,M3,0.05,,noise_s008,ID-single,0.0608,0.9948,0.010799999999999999,0.010799999999999999,5,,,,,0.008197560612767682,0.003346640106136306,,
all,M3,0.05,,none,ID-single,0.036,0.9992000000000001,0.014000000000000002,-0.014000000000000002,0,,,,,0.004898979485566356,0.0017888543819998273,,
all,M3,0.05,,rotation,ID-single,0.002,0.0356,0.048,-0.048,0,,,,,0.002,0.013221195104830727,,
all,M3,0.05,,rotation+cropping+jpeg,cross-family composite,0.008799999999999999,0.0248,0.0412,-0.0412,0,,,,,0.005403702434442518,0.010545141061171255,,
all,M3,0.1,,_worst,ID-single,0.1332,0.1224,0.03319999999999999,0.03319999999999999,16,0.1332,0.1224,noise_s005,rotation,0.018033302526159766,0.024429490375363953,0.018033302526159766,0.024429490375363953
all,M3,0.1,,_worst,cross-family composite,0.038,0.09359999999999999,0.06200000000000001,-0.06200000000000001,0,0.038,0.09359999999999999,noise+blurring+jpeg,rotation+cropping+jpeg,0.010954451150103323,0.014724129855444768,0.010954451150103323,0.014724129855444768
all,M3,0.1,,_worst,same-family composite,0.13240000000000002,0.5772,0.0324,0.0324,5,0.13240000000000002,0.5772,blurring+noise,jpeg+cropping,0.018187908071023457,0.04179952152836202,0.018187908071023457,0.04179952152836202
all,M3,0.1,,blurring,ID-single,0.072,0.9992000000000001,0.028000000000000004,-0.028000000000000004,0,,,,,0.012247448713915896,0.0010954451150103231,,
all,M3,0.1,,blurring+noise,same-family composite,0.13240000000000002,1.0,0.0324,0.0324,5,,,,,0.018187908071023457,0.0,,
all,M3,0.1,,cropping,ID-single,0.0804,0.8224,0.019600000000000006,-0.019600000000000006,0,,,,,0.013520355024924453,0.024673872821265756,,
all,M3,0.1,,cropping+jpeg,same-family composite,0.0628,0.6596,0.0372,-0.0372,0,,,,,0.010639548862616314,0.02740072991728509,,
all,M3,0.1,,jpeg+cropping,same-family composite,0.040400000000000005,0.5772,0.05960000000000001,-0.05960000000000001,0,,,,,0.007668115805072325,0.04179952152836202,,
all,M3,0.1,,jpeg_q30,ID-single,0.05639999999999999,0.9968,0.04360000000000001,-0.04360000000000001,0,,,,,0.009528903399657276,0.0022803508501982673,,
all,M3,0.1,,jpeg_q50,ID-single,0.055200000000000006,0.9996,0.044800000000000006,-0.044800000000000006,0,,,,,0.009444575162494076,0.000894427190999926,,
all,M3,0.1,,jpeg_q70,ID-single,0.07039999999999999,0.9992000000000001,0.029600000000000005,-0.029600000000000005,0,,,,,0.012915107432770348,0.0017888543819998273,,
all,M3,0.1,,jpeg_q90,ID-single,0.086,0.9996,0.014800000000000004,-0.014000000000000009,1,,,,,0.016062378404209012,0.0008944271909999374,,
all,M3,0.1,,noise+blurring+jpeg,cross-family composite,0.038,0.9879999999999999,0.06200000000000001,-0.06200000000000001,0,,,,,0.010954451150103323,0.006324555320336781,,
all,M3,0.1,,noise_s001,ID-single,0.0848,1.0,0.015200000000000005,-0.015200000000000005,0,,,,,0.013236313686219438,0.0,,
all,M3,0.1,,noise_s003,ID-single,0.11599999999999999,1.0,0.0192,0.015999999999999993,4,,,,,0.018920887928424505,0.0,,
all,M3,0.1,,noise_s005,ID-single,0.1272,1.0,0.02719999999999999,0.02719999999999999,5,,,,,0.017697457444503156,0.0,,
all,M3,0.1,,noise_s008,ID-single,0.13,0.9984,0.029999999999999992,0.029999999999999992,5,,,,,0.016552945357246857,0.0016733200530681576,,
all,M3,0.1,,none,ID-single,0.0876,0.9996,0.014800000000000004,-0.012400000000000008,1,,,,,0.015126136320951231,0.0008944271909999374,,
all,M3,0.1,,rotation,ID-single,0.008,0.1224,0.092,-0.092,0,,,,,0.00469041575982343,0.024429490375363953,,
all,M3,0.1,,rotation+cropping+jpeg,cross-family composite,0.0208,0.09359999999999999,0.0792,-0.0792,0,,,,,0.009444575162494077,0.014724129855444768,,
